timestamp,humedad_suelo,temperatura,luminosidad,ph,tanque_agua,riego_activo
2026-08-25 00:56:06,47.2,23.0,683,6.39,85.0,NO
2026-08-25 00:56:30,47.2,22.8,678,6.4,85.0,NO
2026-08-25 00:56:31,47.0,23.0,682,6.4,85.0,NO
2026-08-25 00:56:32,46.8,23.0,677,6.41,85.0,NO
2026-08-25 00:56:33,46.5,23.0,688,6.42,85.0,NO
2026-08-25 00:56:34,46.2,23.0,681,6.43,85.0,NO
2026-08-25 00:56:35,46.0,22.9,675,6.44,85.0,NO
2026-08-25 00:56:36,45.8,23.1,666,6.45,85.0,NO
2026-08-25 00:56:37,45.5,23.3,652,6.45,85.0,NO
2026-08-25 00:56:38,45.2,23.4,647,6.45,85.0,NO
2026-08-25 00:56:39,45.0,23.5,655,6.46,85.0,NO
2026-08-25 00:56:40,44.8,23.6,668,6.48,85.0,NO
2026-08-25 00:56:41,44.5,23.5,655,6.47,85.0,NO
2026-08-25 00:56:42,44.2,23.7,649,6.46,85.0,NO
2026-08-25 00:56:43,44.0,23.8,646,6.46,85.0,NO
2026-08-25 00:56:44,43.8,23.7,642,6.45,85.0,NO
2026-08-25 00:56:45,43.5,23.7,647,6.47,85.0,NO
2026-08-25 00:56:46,43.2,23.5,638,6.49,85.0,NO
2026-08-25 00:56:47,43.0,23.4,653,6.5,85.0,NO
2026-08-25 00:56:48,42.8,23.3,644,6.5,85.0,NO
2026-08-25 00:56:49,42.5,23.2,654,6.51,85.0,NO
2026-08-25 00:56:50,42.2,23.1,656,6.51,85.0,NO
2026-08-25 00:56:51,42.0,23.0,642,6.5,85.0,NO
2026-08-25 00:56:52,41.8,22.9,657,6.49,85.0,NO
2026-08-25 00:56:53,41.5,22.9,651,6.5,85.0,NO
2026-08-25 00:56:54,41.2,22.7,642,6.5,85.0,NO
2026-08-25 00:56:55,41.0,22.9,645,6.51,85.0,NO
2026-08-25 00:56:56,40.8,23.0,648,6.5,85.0,NO
2026-08-25 00:56:57,40.5,22.9,635,6.48,85.0,NO
2026-08-25 00:56:58,40.2,22.7,628,6.5,85.0,NO
2026-08-25 00:56:59,40.0,22.7,628,6.49,85.0,NO
2026-08-25 00:57:00,39.8,22.9,628,6.47,85.0,NO
2026-08-25 00:57:01,39.5,22.7,643,6.49,85.0,NO
2026-08-25 00:57:02,39.2,22.8,634,6.51,85.0,NO
2026-08-25 00:57:03,39.0,22.6,624,6.49,85.0,NO
2026-08-25 00:57:04,38.8,22.7,625,6.5,85.0,NO
2026-08-25 00:57:05,38.5,22.9,622,6.49,85.0,NO
2026-08-25 00:57:06,38.2,22.8,633,6.5,85.0,NO
2026-08-25 00:57:07,38.0,22.7,626,6.52,85.0,NO
2026-08-25 00:57:08,37.8,22.7,620,6.53,85.0,NO
2026-08-25 00:57:09,37.5,22.6,613,6.54,85.0,NO
2026-08-25 00:57:10,37.2,22.7,612,6.55,85.0,NO
2026-08-25 00:57:11,37.0,22.7,618,6.53,85.0,NO
2026-08-25 00:57:12,36.8,22.9,608,6.54,85.0,NO
2026-08-25 00:57:13,36.5,22.7,619,6.55,85.0,NO
2026-08-25 00:57:14,36.2,22.8,614,6.57,85.0,NO
2026-08-25 00:57:15,36.0,22.9,624,6.57,85.0,NO
2026-08-25 00:57:16,35.8,22.9,625,6.57,85.0,NO
2026-08-25 00:57:17,35.5,22.8,614,6.58,85.0,NO
2026-08-25 00:57:18,35.2,22.7,618,6.59,85.0,NO
2026-08-25 00:57:19,35.0,22.8,605,6.61,85.0,SI
2026-08-25 00:57:20,36.2,22.9,594,6.6,84.4,SI
2026-08-25 00:57:21,37.4,23.0,588,6.59,83.8,SI
2026-08-25 00:57:22,38.6,22.9,578,6.59,83.2,SI
2026-08-25 00:57:23,39.8,23.1,576,6.58,82.6,SI
2026-08-25 00:57:24,41.0,23.2,576,6.59,82.0,SI
2026-08-25 00:57:25,42.2,23.4,583,6.58,81.4,SI
2026-08-25 00:57:26,43.4,23.3,597,6.58,80.8,SI
2026-08-25 00:57:27,44.6,23.4,602,6.59,80.2,SI
2026-08-25 00:57:28,45.8,23.5,601,6.57,79.6,SI
2026-08-25 00:57:29,47.0,23.4,607,6.59,79.0,SI
2026-08-25 00:57:31,48.2,23.3,596,6.6,78.4,SI
2026-08-25 00:57:32,49.4,23.4,581,6.6,77.8,SI
2026-08-25 00:57:33,50.6,23.4,581,6.6,77.2,SI
2026-08-25 00:57:34,51.8,23.3,573,6.59,76.6,SI
2026-08-25 00:57:35,53.0,23.3,586,6.6,76.0,SI
2026-08-25 00:57:36,54.2,23.2,599,6.61,75.4,SI
2026-08-25 00:57:37,55.4,23.0,608,6.63,74.8,SI
2026-08-25 00:57:38,56.6,23.1,618,6.63,74.2,SI
2026-08-25 00:57:39,57.8,23.2,618,6.62,73.6,SI
2026-08-25 00:57:40,59.0,23.2,626,6.63,73.0,SI
2026-08-25 00:57:41,60.2,23.2,624,6.63,72.4,NO
2026-08-25 00:57:42,60.0,23.4,633,6.63,72.4,NO
2026-08-25 00:57:43,59.7,23.6,644,6.65,72.4,NO
2026-08-25 00:57:44,59.5,23.7,636,6.63,72.4,NO
2026-08-25 00:57:45,59.2,23.5,626,6.65,72.4,NO
2026-08-25 00:57:46,59.0,23.6,635,6.66,72.4,NO
2026-08-25 00:57:47,58.7,23.5,630,6.67,72.4,NO
2026-08-25 00:57:48,58.5,23.6,618,6.66,72.4,NO
2026-08-25 00:57:49,58.2,23.5,609,6.64,72.4,NO
2026-08-25 00:57:50,58.0,23.6,604,6.65,72.4,NO
2026-08-25 00:57:51,57.7,23.5,616,6.63,72.4,NO
2026-08-25 00:57:52,57.5,23.3,629,6.64,72.4,NO
2026-08-25 00:57:53,57.2,23.2,614,6.62,72.4,NO
2026-08-25 00:57:54,57.0,23.1,615,6.63,72.4,NO
2026-08-25 00:57:55,56.7,23.2,605,6.63,72.4,NO
2026-08-25 00:57:56,56.5,23.3,608,6.61,72.4,NO
2026-08-25 00:57:57,56.2,23.2,614,6.62,72.4,NO
2026-08-25 00:57:58,56.0,23.1,606,6.64,72.4,NO
2026-08-25 00:57:59,55.7,23.2,591,6.63,72.4,NO
2026-08-25 00:58:00,55.5,23.1,592,6.61,72.4,NO
2026-08-25 00:58:01,55.2,23.1,584,6.62,72.4,NO
2026-08-25 00:58:02,55.0,23.1,589,6.61,72.4,NO
2026-08-25 00:58:03,54.7,23.0,579,6.61,72.4,NO
2026-08-25 00:58:04,54.5,23.1,570,6.6,72.4,NO
2026-08-25 00:58:05,54.2,23.0,569,6.59,72.4,NO
2026-08-25 00:58:06,54.0,23.0,556,6.59,72.4,NO
2026-08-25 00:58:07,53.7,23.0,571,6.58,72.4,NO
2026-08-25 00:58:08,53.5,23.0,573,6.57,72.4,NO
2026-08-25 00:58:09,53.2,22.8,578,6.58,72.4,NO
2026-08-25 00:58:10,53.0,22.7,587,6.56,72.4,NO
2026-08-25 00:58:11,52.7,22.9,576,6.56,72.4,NO
2026-08-25 00:58:12,52.5,22.8,563,6.56,72.4,NO
2026-08-25 00:58:13,52.2,22.8,552,6.56,72.4,NO
2026-08-25 00:58:14,52.0,22.8,562,6.56,72.4,NO
2026-08-25 00:58:15,51.7,22.9,569,6.57,72.4,NO
2026-08-25 00:58:16,51.5,22.7,575,6.58,72.4,NO
2026-08-25 00:58:17,51.2,22.8,589,6.59,72.4,NO
2026-08-25 00:58:18,51.0,22.8,604,6.6,72.4,NO
2026-08-25 00:58:19,50.7,23.0,592,6.58,72.4,NO
2026-08-25 00:58:20,50.5,23.1,581,6.57,72.4,NO
2026-08-25 00:58:21,50.2,23.0,588,6.57,72.4,NO
2026-08-25 00:58:22,50.0,22.8,599,6.55,72.4,NO
2026-08-25 00:58:23,49.7,23.0,611,6.54,72.4,NO
2026-08-25 00:58:24,49.5,22.9,618,6.53,72.4,NO
2026-08-25 00:58:25,49.2,22.8,612,6.54,72.4,NO
2026-08-25 00:58:26,49.0,22.6,606,6.53,72.4,NO
2026-08-25 00:58:27,48.7,22.7,599,6.54,72.4,NO
2026-08-25 00:58:28,48.5,22.6,607,6.53,72.4,NO
2026-08-25 00:58:29,48.2,22.4,598,6.54,72.4,NO
2026-08-25 00:58:30,48.0,22.2,601,6.55,72.4,NO
2026-08-25 00:58:31,47.7,22.2,606,6.56,72.4,NO
2026-08-25 00:58:32,47.5,22.1,595,6.58,72.4,NO
2026-08-25 00:58:33,47.2,22.0,607,6.56,72.4,NO
2026-08-25 00:58:34,47.0,21.9,592,6.57,72.4,NO
2026-08-25 00:58:35,46.7,21.8,590,6.58,72.4,NO
2026-08-25 00:58:36,46.5,21.7,588,6.6,72.4,NO
2026-08-25 00:58:37,46.2,21.5,600,6.6,72.4,NO
2026-08-25 01:47:57,47.2,23.1,688,6.38,85.0,NO
2026-08-25 01:47:58,47.0,22.9,701,6.38,85.0,NO
2026-08-25 01:47:59,46.8,23.0,711,6.38,85.0,NO
2026-08-25 01:48:00,46.5,23.2,713,6.39,85.0,NO
2026-08-25 01:48:01,46.2,23.0,723,6.37,85.0,NO
2026-08-25 01:48:02,46.0,23.0,717,6.39,85.0,NO
2026-08-25 01:48:03,45.8,23.0,707,6.37,85.0,NO
2026-08-25 01:48:04,45.5,23.1,706,6.36,85.0,NO
2026-08-25 01:48:05,45.2,23.1,714,6.34,85.0,NO
2026-08-25 01:48:06,45.0,23.1,709,6.33,85.0,NO
2026-08-25 01:48:07,44.8,23.1,703,6.32,85.0,NO
2026-08-25 01:48:08,44.5,23.2,712,6.33,85.0,NO
2026-08-25 01:48:09,44.2,23.0,703,6.31,85.0,NO
2026-08-25 01:48:10,44.0,23.1,701,6.31,85.0,NO
2026-08-25 01:48:11,43.8,22.9,705,6.29,85.0,NO
2026-08-25 01:48:12,43.5,22.9,717,6.29,85.0,NO
2026-08-25 01:48:13,43.2,22.9,715,6.27,85.0,NO
2026-08-25 01:48:14,43.0,22.9,709,6.28,85.0,NO
2026-08-25 01:48:15,42.8,23.1,708,6.26,85.0,NO
2026-08-25 01:48:16,42.5,23.3,711,6.27,85.0,NO
2026-08-25 01:48:17,42.2,23.4,705,6.27,85.0,NO
2026-08-25 01:48:18,42.0,23.5,718,6.25,85.0,NO
2026-08-25 01:48:19,41.8,23.3,703,6.25,85.0,NO
2026-08-25 01:48:20,41.5,23.3,692,6.25,85.0,NO
2026-08-25 01:48:21,41.2,23.2,705,6.24,85.0,NO
2026-08-25 01:48:22,41.0,23.0,709,6.23,85.0,NO
2026-08-25 01:48:23,40.8,23.0,703,6.23,85.0,NO
2026-08-25 01:48:24,40.5,22.9,705,6.24,85.0,NO
2026-08-25 01:48:25,40.2,22.7,703,6.25,85.0,NO
2026-08-25 01:48:26,40.0,22.9,700,6.27,85.0,NO
2026-08-25 01:48:27,39.8,22.8,689,6.25,85.0,NO
2026-08-25 01:48:28,39.5,22.9,696,6.24,85.0,NO
2026-08-25 01:48:29,39.2,22.9,707,6.23,85.0,NO
2026-08-25 01:48:30,39.0,22.9,718,6.24,85.0,NO
2026-08-25 01:48:31,38.8,22.7,720,6.24,85.0,NO
2026-08-25 01:48:32,38.5,22.6,732,6.24,85.0,NO
2026-08-25 01:48:33,38.2,22.8,745,6.25,85.0,NO
2026-08-25 01:48:34,38.0,22.7,743,6.25,85.0,NO
2026-08-25 01:48:35,37.8,22.8,742,6.25,85.0,NO
2026-08-25 01:48:36,37.5,22.9,736,6.24,85.0,NO
2026-08-25 01:48:37,37.2,22.8,733,6.24,85.0,NO
2026-08-25 01:48:38,37.0,22.7,726,6.23,85.0,NO
2026-08-25 01:48:39,36.8,22.9,730,6.25,85.0,NO
2026-08-25 01:48:40,36.5,23.0,717,6.26,85.0,NO
2026-08-25 01:48:41,36.2,23.1,721,6.28,85.0,NO
2026-08-25 01:48:42,36.0,23.2,710,6.26,85.0,NO
2026-08-25 01:48:43,35.8,23.2,706,6.25,85.0,NO
2026-08-25 01:48:44,35.5,23.1,695,6.26,85.0,NO
2026-08-25 01:48:45,35.2,23.1,697,6.25,85.0,NO
2026-08-25 01:48:46,35.0,23.2,693,6.24,85.0,SI
2026-08-25 01:48:47,36.2,23.0,697,6.25,84.4,SI
2026-08-25 01:48:48,37.4,22.9,694,6.24,83.8,SI
2026-08-25 01:48:49,38.6,22.8,685,6.26,83.2,SI
2026-08-25 01:48:50,39.8,22.7,697,6.25,82.6,SI
2026-08-25 01:48:51,41.0,22.7,690,6.23,82.0,SI
2026-08-25 01:48:52,42.2,22.6,682,6.24,81.4,SI
2026-08-25 01:48:53,43.4,22.7,691,6.24,80.8,SI
2026-08-25 01:48:54,44.6,22.8,703,6.24,80.2,SI
2026-08-25 01:48:55,45.8,22.7,696,6.25,79.6,SI
2026-08-25 01:48:56,47.0,22.5,684,6.24,79.0,SI
2026-08-25 01:48:57,48.2,22.3,687,6.23,78.4,SI
2026-08-25 01:48:58,49.4,22.5,680,6.22,77.8,SI
2026-08-25 01:48:59,50.6,22.6,682,6.21,77.2,SI
2026-08-25 01:49:00,51.8,22.6,694,6.22,76.6,SI
2026-08-25 01:49:01,53.0,22.8,692,6.23,76.0,SI
2026-08-25 01:49:02,54.2,22.7,700,6.23,75.4,SI
2026-08-25 01:49:03,55.4,22.8,690,6.25,74.8,SI
2026-08-25 01:49:04,56.6,22.7,687,6.27,74.2,SI
2026-08-25 01:49:05,57.8,22.8,690,6.27,73.6,SI
2026-08-25 01:49:06,59.0,22.9,685,6.25,73.0,SI
2026-08-25 01:49:07,60.2,23.1,691,6.26,72.4,NO
2026-08-25 01:49:08,60.0,22.9,702,6.26,72.4,NO
2026-08-25 01:49:09,59.7,22.9,714,6.26,72.4,NO
2026-08-25 01:49:10,59.5,23.0,719,6.28,72.4,NO
2026-08-25 01:49:11,59.2,23.1,727,6.28,72.4,NO
2026-08-25 01:49:12,59.0,23.0,741,6.27,72.4,NO
2026-08-25 01:49:13,58.7,23.2,727,6.26,72.4,NO
2026-08-25 01:49:14,58.5,23.3,721,6.26,72.4,NO
2026-08-25 01:54:57,47.2,22.9,669,6.4,85.0,NO
2026-08-25 01:54:58,47.0,22.7,665,6.4,85.0,NO
2026-08-25 01:54:59,46.8,22.6,652,6.38,85.0,NO
2026-08-25 01:55:00,46.5,22.6,637,6.37,85.0,NO
2026-08-25 01:55:01,46.2,22.8,622,6.37,85.0,NO
2026-08-25 01:55:02,46.0,22.7,610,6.38,85.0,NO
2026-08-25 01:55:03,45.8,22.7,601,6.4,85.0,NO
2026-08-25 01:55:04,45.5,22.6,595,6.39,85.0,NO
2026-08-25 01:55:05,45.2,22.6,585,6.38,85.0,NO
2026-08-25 01:55:06,45.0,22.5,573,6.36,85.0,NO
2026-08-25 01:55:07,44.8,22.4,564,6.38,85.0,NO
2026-08-25 01:55:08,44.5,22.5,572,6.4,85.0,NO
2026-08-25 01:55:09,44.2,22.6,579,6.42,85.0,NO
2026-08-25 01:55:10,44.0,22.5,592,6.4,85.0,NO
2026-08-25 01:55:11,43.8,22.5,596,6.39,85.0,NO
2026-08-25 01:55:12,43.5,22.7,597,6.38,85.0,NO
2026-08-25 01:55:13,43.2,22.8,607,6.38,85.0,NO
2026-08-25 01:55:14,43.0,22.8,612,6.39,85.0,NO
2026-08-25 01:55:15,42.8,22.8,598,6.4,85.0,NO
2026-08-25 01:55:16,42.5,22.6,612,6.41,85.0,NO
2026-08-25 01:55:17,42.2,22.8,625,6.4,85.0,NO
2026-08-25 01:55:18,42.0,22.9,625,6.41,85.0,NO
2026-08-25 01:55:19,41.8,22.7,635,6.4,85.0,NO
2026-08-26 20:27:16,47.2,23.0,671,6.42,85.0,NO
2026-08-26 20:27:37,47.2,23.0,660,6.39,85.0,NO
2026-08-26 20:27:38,47.0,22.9,663,6.39,85.0,NO
2026-08-26 20:27:39,46.8,23.1,657,6.39,85.0,NO
2026-08-26 20:27:40,46.5,23.2,655,6.39,85.0,NO
2026-08-26 20:27:41,46.2,23.2,669,6.39,85.0,NO
2026-08-26 20:27:42,46.0,23.1,655,6.38,85.0,NO
2026-08-26 20:27:43,45.8,22.9,645,6.38,85.0,NO
2026-08-26 20:27:44,45.5,23.0,660,6.39,85.0,NO
2026-08-26 20:27:45,45.2,23.0,667,6.4,85.0,NO
2026-08-26 20:27:46,45.0,23.1,673,6.38,85.0,NO
2026-08-26 20:27:47,44.8,23.2,660,6.37,85.0,NO
2026-08-26 20:27:48,44.5,23.0,662,6.38,85.0,NO
2026-08-26 20:27:49,44.2,23.1,677,6.4,85.0,NO
2026-08-26 20:27:50,44.0,23.3,683,6.41,85.0,NO
2026-08-26 20:27:51,43.8,23.2,676,6.43,85.0,NO
2026-08-26 20:27:52,43.5,23.2,680,6.42,85.0,NO
2026-08-26 20:27:53,43.2,23.3,671,6.44,85.0,NO
2026-08-26 20:27:54,43.0,23.3,671,6.46,85.0,NO
2026-08-26 20:27:55,42.8,23.2,676,6.45,85.0,NO
2026-08-26 20:27:56,42.5,23.2,678,6.46,85.0,NO
2026-08-26 20:27:57,42.2,23.1,673,6.45,85.0,NO
2026-08-26 20:27:58,42.0,23.0,682,6.44,85.0,NO
2026-08-26 20:27:59,41.8,23.0,688,6.42,85.0,NO
2026-08-26 20:28:00,41.5,23.0,676,6.42,85.0,NO
2026-08-26 20:28:01,41.2,23.1,686,6.4,85.0,NO
2026-08-26 20:28:02,41.0,23.1,683,6.42,85.0,NO
2026-08-26 20:28:03,40.8,23.2,697,6.4,85.0,NO
2026-08-26 20:28:04,40.5,23.4,707,6.4,85.0,NO
2026-08-26 20:28:05,40.2,23.3,706,6.4,85.0,NO
2026-08-26 20:28:06,40.0,23.2,718,6.41,85.0,NO
2026-08-26 20:28:07,39.8,23.4,715,6.4,85.0,NO
2026-08-26 20:28:08,39.5,23.5,708,6.39,85.0,NO
2026-08-26 20:28:09,39.2,23.5,714,6.4,85.0,NO
2026-08-26 20:28:10,39.0,23.4,708,6.41,85.0,NO
2026-08-26 20:28:11,38.8,23.4,709,6.42,85.0,NO
2026-08-26 20:28:12,38.5,23.4,707,6.41,85.0,NO
2026-08-26 20:28:13,38.2,23.6,707,6.4,85.0,NO
2026-08-26 20:28:14,38.0,23.4,713,6.4,85.0,NO
2026-08-26 20:28:15,37.8,23.5,720,6.41,85.0,NO
2026-08-26 20:28:16,37.5,23.3,724,6.42,85.0,NO
2026-08-26 20:28:17,37.2,23.5,711,6.41,85.0,NO
2026-08-26 20:28:18,37.0,23.3,718,6.42,85.0,NO
2026-08-26 20:28:19,36.8,23.2,733,6.42,85.0,NO
2026-08-26 20:28:20,36.5,23.3,721,6.42,85.0,NO
2026-08-26 20:28:21,36.2,23.3,729,6.44,85.0,NO
2026-08-26 20:28:22,36.0,23.5,721,6.43,85.0,NO
2026-08-26 20:28:23,35.8,23.3,721,6.45,85.0,NO
2026-08-26 20:28:24,35.5,23.3,716,6.44,85.0,NO
2026-08-26 20:28:25,35.2,23.2,702,6.43,85.0,NO
2026-08-26 20:28:26,35.0,23.4,697,6.42,85.0,SI
2026-08-26 20:28:27,36.2,23.4,705,6.44,84.4,SI
2026-08-26 20:28:28,37.4,23.2,702,6.45,83.8,SI
2026-08-26 20:28:29,38.6,23.3,717,6.44,83.2,SI
2026-08-26 20:28:30,39.8,23.2,731,6.43,82.6,SI
2026-08-26 20:28:31,41.0,23.0,745,6.42,82.0,SI
2026-08-26 20:28:32,42.2,23.0,740,6.43,81.4,SI
2026-08-26 20:28:33,43.4,23.0,752,6.43,80.8,SI
2026-08-26 20:28:34,44.6,22.8,739,6.42,80.2,SI
2026-08-26 20:28:35,45.8,22.8,736,6.42,79.6,SI
2026-08-26 20:28:36,47.0,23.0,724,6.4,79.0,SI
2026-08-26 20:28:37,48.2,22.8,723,6.38,78.4,SI
2026-08-26 20:28:38,48.0,22.9,737,6.39,78.4,NO
2026-08-26 20:28:39,47.7,23.0,740,6.38,78.4,NO
2026-08-26 20:28:40,47.5,23.0,728,6.39,78.4,NO
2026-08-26 20:28:41,47.2,23.1,716,6.39,78.4,NO
2026-08-26 20:28:42,47.0,22.9,728,6.38,78.4,NO
2026-08-26 20:28:43,46.7,23.1,726,6.37,78.4,NO
2026-08-26 20:28:44,46.5,23.2,711,6.38,78.4,NO
2026-08-26 20:28:45,46.2,23.2,697,6.39,78.4,NO
2026-08-26 20:28:46,46.0,23.1,682,6.38,78.4,NO
2026-08-26 20:28:47,45.7,23.0,694,6.38,78.4,NO
2026-08-26 20:28:48,45.5,23.1,687,6.39,78.4,NO
2026-08-26 20:28:49,45.2,23.0,686,6.38,78.4,NO
2026-08-26 20:28:50,45.0,23.0,688,6.37,78.4,NO
2026-08-26 20:28:51,44.7,23.1,684,6.39,78.4,NO
2026-08-26 20:28:52,44.5,22.9,699,6.39,78.4,NO
2026-08-26 20:28:53,44.2,22.8,697,6.38,78.4,NO
2026-08-26 20:28:54,44.0,22.7,693,6.39,78.4,NO
2026-08-26 20:28:55,43.7,22.7,680,6.38,78.4,NO
2026-08-26 20:28:56,43.5,22.7,690,6.37,78.4,NO
2026-08-26 20:28:57,43.2,22.6,688,6.36,78.4,NO
2026-08-26 20:28:58,43.0,22.5,674,6.34,78.4,NO
2026-08-26 20:28:59,42.7,22.5,664,6.34,78.4,NO
2026-08-26 20:29:00,42.5,22.6,668,6.33,78.4,NO
2026-08-26 20:29:01,42.2,22.7,673,6.31,78.4,NO
2026-08-26 20:29:02,42.0,22.7,662,6.31,78.4,NO
2026-08-26 20:29:03,41.7,22.8,666,6.31,78.4,NO
2026-08-26 20:29:04,41.5,22.7,681,6.33,78.4,NO
2026-08-26 20:29:05,41.2,22.8,685,6.33,78.4,NO
2026-08-26 20:29:06,41.0,22.8,681,6.34,78.4,NO
2026-08-26 20:29:07,40.7,22.9,684,6.34,78.4,NO
2026-08-26 20:29:08,40.5,22.8,676,6.34,78.4,NO
2026-08-26 20:29:09,40.2,22.6,663,6.34,78.4,NO
2026-08-26 20:29:10,40.0,22.4,662,6.36,78.4,NO
2026-08-26 20:29:11,39.7,22.3,670,6.36,78.4,NO
2026-08-26 20:29:12,39.5,22.4,679,6.35,78.4,NO
2026-08-26 20:29:13,39.2,22.6,689,6.36,78.4,NO
2026-08-26 20:29:14,39.0,22.4,691,6.38,78.4,NO
2026-08-26 20:29:15,38.7,22.3,698,6.4,78.4,NO
2026-08-26 20:29:16,38.5,22.3,710,6.39,78.4,NO
2026-08-26 20:29:17,38.2,22.2,719,6.38,78.4,NO
2026-08-26 20:29:18,38.0,22.1,716,6.38,78.4,NO
2026-08-26 20:29:19,37.7,22.2,716,6.39,78.4,NO
2026-08-26 20:29:20,37.5,22.2,724,6.38,78.4,NO
2026-08-26 20:29:21,37.2,22.1,710,6.38,78.4,NO
2026-08-26 20:29:22,37.0,22.1,717,6.37,78.4,NO
2026-08-26 20:29:23,36.7,22.3,723,6.39,78.4,NO
2026-08-26 20:29:24,36.5,22.4,721,6.41,78.4,NO
2026-08-26 20:29:25,36.2,22.5,722,6.42,78.4,NO
2026-08-26 20:29:26,36.0,22.4,713,6.41,78.4,NO
2026-08-26 20:29:27,35.7,22.2,716,6.43,78.4,NO
2026-08-26 20:29:28,35.5,22.3,725,6.44,78.4,NO
2026-08-26 20:29:29,35.2,22.3,727,6.44,78.4,NO
2026-08-26 20:29:30,35.0,22.3,715,6.42,78.4,SI
2026-08-26 20:29:31,36.2,22.3,715,6.44,77.8,SI
2026-08-26 20:29:32,37.4,22.4,703,6.42,77.2,SI
2026-08-26 20:29:33,38.6,22.6,700,6.43,76.6,SI
2026-08-26 20:29:34,39.8,22.6,685,6.44,76.0,SI
2026-08-26 20:29:35,41.0,22.6,692,6.46,75.4,SI
2026-08-26 20:29:36,42.2,22.5,677,6.46,74.8,SI
2026-08-26 20:29:37,43.4,22.5,671,6.44,74.2,SI
2026-08-26 20:29:38,44.6,22.6,664,6.46,73.6,SI
2026-08-26 20:29:39,45.8,22.6,664,6.48,73.0,SI
2026-08-26 20:29:40,47.0,22.6,660,6.49,72.4,SI
2026-08-26 20:29:41,48.2,22.5,653,6.48,71.8,SI
2026-08-26 20:29:42,49.4,22.5,645,6.47,71.2,SI
2026-08-26 20:29:43,50.6,22.6,640,6.45,70.6,SI
2026-08-26 20:29:44,51.8,22.4,643,6.43,70.0,SI
2026-08-26 20:29:45,53.0,22.3,650,6.41,69.4,SI
2026-08-26 20:29:46,54.2,22.2,645,6.43,68.8,SI
2026-08-26 20:29:47,55.4,22.1,641,6.41,68.2,SI
2026-08-26 20:29:48,56.6,21.9,637,6.43,67.6,SI
2026-08-26 20:29:49,57.8,22.0,635,6.42,67.0,SI
2026-08-26 20:29:50,59.0,22.1,650,6.4,66.4,SI
2026-08-26 20:29:51,60.2,22.2,636,6.4,65.8,NO
2026-08-26 20:29:52,59.9,22.3,646,6.39,65.8,NO
2026-08-26 20:29:53,59.7,22.2,641,6.37,65.8,NO
2026-08-26 20:29:54,59.4,22.2,635,6.36,65.8,NO
2026-08-26 20:29:55,59.2,22.1,628,6.34,65.8,NO
2026-08-26 20:29:56,58.9,22.2,634,6.36,65.8,NO
2026-08-26 20:29:57,58.7,22.2,640,6.35,65.8,NO
2026-08-26 20:29:58,58.4,22.3,652,6.36,65.8,NO
2026-08-26 20:29:59,58.2,22.5,649,6.37,65.8,NO
2026-08-26 20:30:00,57.9,22.5,650,6.37,65.8,NO
2026-08-26 20:30:01,57.7,22.3,640,6.37,65.8,NO
2026-08-26 20:30:02,57.4,22.2,646,6.38,65.8,NO
2026-08-26 20:30:03,57.2,22.2,633,6.39,65.8,NO
2026-08-26 20:30:04,56.9,22.2,623,6.38,65.8,NO
2026-08-26 20:30:05,56.7,22.3,636,6.37,65.8,NO
2026-08-26 20:30:06,56.4,22.4,643,6.38,65.8,NO
2026-08-26 20:30:07,56.2,22.2,646,6.39,65.8,NO
2026-08-26 20:30:08,55.9,22.4,633,6.38,65.8,NO
2026-08-26 20:30:09,55.7,22.4,637,6.37,65.8,NO
2026-08-26 20:30:10,55.4,22.4,623,6.38,65.8,NO
2026-08-26 20:30:11,55.2,22.4,623,6.37,65.8,NO
2026-08-26 20:30:12,54.9,22.4,610,6.38,65.8,NO
2026-08-26 20:30:13,54.7,22.4,603,6.38,65.8,NO
2026-08-26 20:30:14,54.4,22.3,606,6.37,65.8,NO
2026-08-26 20:30:15,54.2,22.3,617,6.36,65.8,NO
2026-08-26 20:30:16,53.9,22.4,613,6.35,65.8,NO
2026-08-26 20:30:17,53.7,22.3,611,6.36,65.8,NO
2026-08-26 20:30:18,53.4,22.4,623,6.38,65.8,NO
2026-08-26 20:30:19,53.2,22.3,630,6.37,65.8,NO
2026-08-26 20:30:20,52.9,22.4,631,6.36,65.8,NO
2026-08-26 20:30:21,52.7,22.5,636,6.36,65.8,NO
2026-08-26 20:30:22,52.4,22.5,626,6.36,65.8,NO
2026-08-26 20:30:23,52.2,22.5,634,6.37,65.8,NO
2026-08-26 20:30:24,51.9,22.4,643,6.38,65.8,NO
2026-08-26 20:30:25,51.7,22.4,636,6.38,65.8,NO
2026-08-26 20:30:26,51.4,22.3,624,6.36,65.8,NO
2026-08-26 20:30:27,51.2,22.4,622,6.37,65.8,NO
2026-08-26 20:30:28,50.9,22.3,621,6.35,65.8,NO
2026-08-26 20:30:29,50.7,22.4,626,6.37,65.8,NO
2026-08-26 20:30:30,50.4,22.6,627,6.36,65.8,NO
2026-08-26 20:30:31,50.2,22.5,618,6.38,65.8,NO
2026-08-26 20:30:32,49.9,22.5,612,6.36,65.8,NO
2026-08-26 20:30:33,49.7,22.7,605,6.36,65.8,NO
2026-08-26 20:30:34,49.4,22.5,615,6.36,65.8,NO
2026-08-26 20:30:35,49.2,22.5,621,6.34,65.8,NO
2026-08-26 20:30:36,48.9,22.3,623,6.36,65.8,NO
2026-08-26 20:30:37,48.7,22.4,628,6.38,65.8,NO
2026-08-26 20:30:38,48.4,22.6,629,6.36,65.8,NO
2026-08-26 20:30:39,48.2,22.7,643,6.36,65.8,NO
2026-08-26 20:30:40,47.9,22.6,658,6.35,65.8,NO
2026-08-26 20:30:41,47.7,22.8,647,6.37,65.8,NO
2026-08-26 20:30:42,47.4,22.7,656,6.36,65.8,NO
2026-08-26 20:30:43,47.2,22.7,662,6.37,65.8,NO
2026-08-26 20:30:44,46.9,22.8,648,6.35,65.8,NO
2026-08-26 20:30:45,46.7,22.9,659,6.34,65.8,NO
2026-08-26 20:30:46,46.4,23.0,660,6.33,65.8,NO
2026-08-26 20:30:47,46.2,22.8,668,6.33,65.8,NO
2026-08-26 20:30:48,45.9,22.8,668,6.32,65.8,NO
2026-08-26 20:30:49,45.7,22.9,666,6.32,65.8,NO
2026-08-26 20:30:50,45.4,22.8,653,6.32,65.8,NO
2026-08-26 20:30:51,45.2,22.8,657,6.33,65.8,NO
2026-08-26 20:30:52,44.9,22.8,650,6.31,65.8,NO
2026-08-26 20:30:53,44.7,22.8,636,6.31,65.8,NO
2026-08-26 20:30:54,44.4,22.9,624,6.29,65.8,NO
2026-08-26 20:30:55,44.2,22.7,633,6.31,65.8,NO
2026-08-26 20:30:56,43.9,22.9,640,6.31,65.8,NO
2026-08-26 20:30:57,43.7,22.7,645,6.29,65.8,NO
2026-08-26 20:30:58,43.4,22.8,651,6.29,65.8,NO
2026-08-26 20:30:59,43.2,22.8,649,6.29,65.8,NO
2026-08-26 20:31:00,42.9,22.7,637,6.3,65.8,NO
2026-08-26 20:31:01,42.7,22.5,625,6.31,65.8,NO
2026-08-26 20:31:02,42.4,22.4,637,6.3,65.8,NO
2026-08-26 20:31:03,42.2,22.4,650,6.32,65.8,NO
2026-08-26 20:31:04,41.9,22.6,656,6.34,65.8,NO
2026-08-26 20:31:05,41.7,22.5,653,6.33,65.8,NO
2026-08-26 20:31:06,41.4,22.3,656,6.34,65.8,NO
2026-08-26 20:31:07,41.2,22.2,671,6.35,65.8,NO
2026-08-26 20:31:08,40.9,22.1,685,6.36,65.8,NO
2026-08-26 20:31:09,40.7,22.0,674,6.34,65.8,NO
2026-08-26 20:31:10,40.4,22.1,665,6.33,65.8,NO
2026-08-26 20:31:11,40.2,21.9,677,6.33,65.8,NO
2026-08-26 20:31:12,39.9,22.1,677,6.31,65.8,NO
2026-08-26 20:31:13,39.7,22.2,681,6.29,65.8,NO
2026-08-26 20:31:14,39.4,22.3,672,6.3,65.8,NO
2026-08-26 20:31:15,39.2,22.4,681,6.3,65.8,NO
2026-08-26 20:31:16,38.9,22.3,670,6.28,65.8,NO
2026-08-26 20:31:17,38.7,22.2,678,6.27,65.8,NO
2026-08-26 20:31:18,38.4,22.3,672,6.28,65.8,NO
2026-08-26 20:31:19,38.2,22.2,684,6.3,65.8,NO
2026-08-26 20:31:20,37.9,22.1,694,6.32,65.8,NO
2026-08-26 20:31:21,37.7,22.0,700,6.32,65.8,NO
2026-08-26 20:31:22,37.4,22.2,689,6.33,65.8,NO
2026-08-26 20:31:23,37.2,22.4,693,6.31,65.8,NO
2026-08-26 20:31:24,36.9,22.3,686,6.3,65.8,NO
2026-08-26 20:31:25,36.7,22.5,679,6.31,65.8,NO
2026-08-26 20:31:26,36.4,22.7,669,6.32,65.8,NO
2026-08-26 20:31:27,36.2,22.7,671,6.34,65.8,NO
2026-08-26 20:31:28,35.9,22.7,665,6.34,65.8,NO
2026-08-26 20:31:29,35.7,22.7,671,6.34,65.8,NO
2026-08-26 20:31:30,35.4,22.6,672,6.32,65.8,NO
2026-08-26 20:31:31,35.2,22.7,679,6.34,65.8,NO
2026-08-26 20:31:32,34.9,22.7,688,6.34,65.8,SI
2026-08-26 20:31:33,36.1,22.9,693,6.34,65.2,SI
2026-08-26 20:31:34,37.3,22.9,681,6.34,64.6,SI
2026-08-26 20:31:35,38.5,23.1,688,6.35,64.0,SI
2026-08-26 20:31:36,39.7,23.2,699,6.34,63.4,SI
2026-08-26 20:31:37,40.9,23.4,702,6.33,62.8,SI
2026-08-26 20:31:38,42.1,23.3,694,6.31,62.2,SI
2026-08-26 20:31:39,43.3,23.5,694,6.31,61.6,SI
2026-08-26 20:31:40,44.5,23.6,699,6.3,61.0,SI
2026-08-26 20:31:41,45.7,23.6,703,6.32,60.4,SI
2026-08-26 20:31:42,46.9,23.7,701,6.31,59.8,SI
2026-08-26 20:31:43,48.1,23.7,714,6.32,59.2,SI
2026-08-26 20:31:44,49.3,23.5,722,6.34,58.6,SI
2026-08-26 20:31:45,50.5,23.4,709,6.33,58.0,SI
2026-08-26 20:31:46,51.7,23.4,721,6.32,57.4,SI
2026-08-26 20:31:47,52.9,23.5,727,6.31,56.8,SI
2026-08-26 20:31:48,54.1,23.5,727,6.3,56.2,SI
2026-08-26 20:31:49,55.3,23.7,720,6.29,55.6,SI
2026-08-26 20:31:50,56.5,23.5,731,6.29,55.0,SI
2026-08-26 20:31:51,57.7,23.3,731,6.29,54.4,SI
2026-08-26 20:31:52,58.9,23.2,732,6.28,53.8,SI
2026-08-26 20:31:53,60.1,23.4,720,6.26,53.2,NO
2026-08-26 20:31:54,59.9,23.5,705,6.28,53.2,NO
2026-08-26 20:31:55,59.6,23.3,720,6.29,53.2,NO
2026-08-26 20:31:56,59.4,23.4,734,6.28,53.2,NO
2026-08-26 20:31:57,59.1,23.5,739,6.27,53.2,NO
2026-08-26 20:31:58,58.9,23.5,731,6.25,53.2,NO
2026-08-26 20:31:59,58.6,23.6,745,6.24,53.2,NO
2026-08-26 20:32:00,58.4,23.7,735,6.24,53.2,NO
2026-08-26 20:32:01,58.1,23.6,727,6.24,53.2,NO
2026-08-26 20:32:02,57.9,23.6,739,6.23,53.2,NO
2026-08-26 20:32:03,57.6,23.5,742,6.22,53.2,NO
2026-08-26 20:32:04,57.4,23.4,750,6.21,53.2,NO
2026-08-26 20:32:05,57.1,23.5,764,6.2,53.2,NO
2026-08-26 20:32:06,56.9,23.4,779,6.2,53.2,NO
2026-08-26 20:32:07,56.6,23.5,778,6.19,53.2,NO
2026-08-26 20:32:08,56.4,23.3,781,6.18,53.2,NO
2026-08-26 20:32:09,56.1,23.3,774,6.18,53.2,NO
2026-08-26 20:32:10,55.9,23.5,785,6.17,53.2,NO
2026-08-26 20:32:11,55.6,23.6,776,6.16,53.2,NO
2026-08-26 20:32:12,55.4,23.6,768,6.15,53.2,NO
2026-08-26 20:32:13,55.1,23.8,771,6.15,53.2,NO
2026-08-26 20:32:14,54.9,23.9,786,6.16,53.2,NO
2026-08-26 20:32:15,54.6,23.9,777,6.16,53.2,NO
2026-08-26 20:32:16,54.4,24.1,774,6.16,53.2,NO
2026-08-26 20:32:17,54.1,24.0,777,6.15,53.2,NO
2026-08-26 20:32:18,53.9,23.8,769,6.16,53.2,NO
2026-08-26 20:32:19,53.6,24.0,780,6.15,53.2,NO
2026-08-26 20:32:20,53.4,24.0,776,6.16,53.2,NO
2026-08-26 20:32:21,53.1,23.8,775,6.15,53.2,NO
2026-08-26 20:32:22,52.9,23.8,766,6.15,53.2,NO
2026-08-26 20:32:23,52.6,24.0,760,6.14,53.2,NO
2026-08-26 20:32:24,52.4,23.9,745,6.16,53.2,NO
2026-08-26 20:32:25,52.1,23.8,750,6.15,53.2,NO
2026-08-26 20:32:26,51.9,23.7,735,6.14,53.2,NO
2026-08-26 20:32:27,51.6,23.9,731,6.13,53.2,NO
2026-08-26 20:32:28,51.4,23.9,741,6.14,53.2,NO
2026-08-26 20:32:29,51.1,24.0,740,6.14,53.2,NO
2026-08-26 20:32:30,50.9,24.2,737,6.14,53.2,NO
2026-08-26 20:32:31,50.6,24.1,743,6.16,53.2,NO
2026-08-26 20:32:32,50.4,24.0,743,6.16,53.2,NO
2026-08-26 20:32:33,50.1,23.9,741,6.15,53.2,NO
2026-08-26 20:32:34,49.9,23.9,750,6.14,53.2,NO
2026-08-26 20:32:35,49.6,23.8,755,6.14,53.2,NO
2026-08-26 20:32:36,49.4,23.9,740,6.14,53.2,NO
2026-08-26 20:32:37,49.1,24.1,730,6.14,53.2,NO
2026-08-26 20:32:38,48.9,24.1,743,6.12,53.2,NO
2026-08-26 20:32:39,48.6,24.0,728,6.1,53.2,NO
2026-08-26 20:32:40,48.4,23.9,742,6.11,53.2,NO
2026-08-26 20:32:41,48.1,24.0,746,6.13,53.2,NO
2026-08-26 20:32:42,47.9,24.1,760,6.13,53.2,NO
2026-08-26 20:32:43,47.6,24.1,775,6.13,53.2,NO
2026-08-26 20:32:44,47.4,24.3,782,6.11,53.2,NO
2026-08-26 20:32:45,47.1,24.2,790,6.13,53.2,NO
2026-08-26 20:32:46,46.9,24.3,777,6.11,53.2,NO
2026-08-26 20:32:47,46.6,24.2,790,6.1,53.2,NO
2026-08-26 20:32:48,46.4,24.3,800,6.11,53.2,NO
2026-08-26 20:32:49,46.1,24.5,788,6.09,53.2,NO
2026-08-26 20:32:50,45.9,24.5,793,6.09,53.2,NO
2026-08-26 20:32:51,45.6,24.5,778,6.08,53.2,NO
2026-08-26 20:32:52,45.4,24.5,781,6.06,53.2,NO
2026-08-26 20:32:53,45.1,24.5,792,6.07,53.2,NO
2026-08-26 20:32:54,44.9,24.6,794,6.06,53.2,NO
2026-08-26 20:32:55,44.6,24.6,791,6.08,53.2,NO
2026-08-26 20:32:56,44.4,24.7,789,6.08,53.2,NO
2026-08-26 20:32:57,44.1,24.9,777,6.08,53.2,NO
2026-08-26 20:32:58,43.9,24.7,762,6.06,53.2,NO
2026-08-26 20:32:59,43.6,24.5,763,6.08,53.2,NO
2026-08-26 20:33:00,43.4,24.3,749,6.1,53.2,NO
2026-08-26 20:33:01,43.1,24.3,736,6.08,53.2,NO
2026-08-26 20:33:02,42.9,24.2,727,6.1,53.2,NO
2026-08-26 20:33:03,42.6,24.0,736,6.1,53.2,NO
2026-08-26 20:33:04,42.4,24.0,741,6.09,53.2,NO
2026-08-26 20:33:05,42.1,24.1,752,6.08,53.2,NO
2026-08-26 20:33:06,41.9,24.3,748,6.1,53.2,NO
2026-08-26 20:33:07,41.6,24.2,762,6.12,53.2,NO
2026-08-26 20:33:08,41.4,24.3,756,6.12,53.2,NO
2026-08-26 20:33:09,41.1,24.3,748,6.12,53.2,NO
2026-08-26 20:33:10,40.9,24.2,754,6.13,53.2,NO
2026-08-26 20:33:11,40.6,24.0,739,6.14,53.2,NO
2026-08-26 20:33:12,40.4,23.9,754,6.13,53.2,NO
2026-08-26 20:33:13,40.1,23.8,750,6.15,53.2,NO
2026-08-26 20:33:14,39.9,23.7,751,6.15,53.2,NO
2026-08-26 20:33:15,39.6,23.9,759,6.16,53.2,NO
2026-08-26 20:33:16,39.4,23.7,749,6.17,53.2,NO
2026-08-26 20:33:17,39.1,23.5,763,6.15,53.2,NO
2026-08-26 20:33:18,38.9,23.6,764,6.15,53.2,NO
2026-08-26 20:33:19,38.6,23.5,754,6.14,53.2,NO
2026-08-26 20:33:20,38.4,23.3,749,6.15,53.2,NO
2026-08-26 20:33:21,38.1,23.4,746,6.15,53.2,NO
2026-08-26 20:33:22,37.9,23.3,755,6.14,53.2,NO
2026-08-26 20:33:23,37.6,23.1,749,6.13,53.2,NO
2026-08-26 20:33:24,37.4,23.2,755,6.14,53.2,NO
2026-08-26 20:33:25,37.1,23.2,768,6.15,53.2,NO
2026-08-26 20:33:26,36.9,23.1,758,6.15,53.2,NO
2026-08-26 20:33:27,36.6,23.2,762,6.15,53.2,NO
2026-08-26 20:33:28,36.4,23.3,772,6.13,53.2,NO
2026-08-26 20:33:29,36.1,23.4,763,6.12,53.2,NO
2026-08-26 20:33:30,35.9,23.3,761,6.13,53.2,NO
2026-08-26 20:33:31,35.6,23.3,747,6.12,53.2,NO
2026-08-26 20:33:32,35.4,23.3,757,6.1,53.2,NO
2026-08-26 20:33:33,35.1,23.4,745,6.11,53.2,NO
2026-08-26 20:33:34,34.9,23.3,735,6.12,53.2,SI
2026-08-26 20:33:35,36.1,23.3,735,6.12,52.6,SI
2026-08-26 20:33:36,37.3,23.3,727,6.13,52.0,SI
2026-08-26 20:33:38,38.5,23.3,737,6.13,51.4,SI
2026-08-26 20:33:39,39.7,23.3,744,6.12,50.8,SI
2026-08-26 20:33:40,40.9,23.4,756,6.1,50.2,SI
2026-08-26 20:33:41,42.1,23.3,766,6.12,49.6,SI
2026-08-26 20:33:42,43.3,23.3,762,6.14,49.0,SI
2026-08-26 20:33:43,44.5,23.3,768,6.13,48.4,SI
2026-08-26 20:33:44,45.7,23.4,783,6.11,47.8,SI
2026-08-26 20:33:45,46.9,23.4,785,6.1,47.2,SI
2026-08-26 20:33:46,48.1,23.3,775,6.1,46.6,SI
2026-08-26 20:33:47,49.3,23.4,780,6.11,46.0,SI
2026-08-26 20:33:48,50.5,23.2,789,6.11,45.4,SI
2026-08-26 20:33:49,51.7,23.3,792,6.11,44.8,SI
2026-08-26 20:33:50,52.9,23.3,793,6.11,44.2,SI
2026-08-26 20:33:51,54.1,23.4,780,6.1,43.6,SI
2026-08-26 20:33:52,55.3,23.6,790,6.11,43.0,SI
2026-08-26 20:33:53,56.5,23.7,794,6.11,42.4,SI
2026-08-26 20:33:54,57.7,23.8,790,6.1,41.8,SI
2026-08-26 20:33:55,58.9,23.6,789,6.1,41.2,SI
2026-08-26 20:33:56,60.1,23.7,789,6.09,40.6,NO
2026-08-26 20:33:57,59.8,23.6,789,6.1,40.6,NO
2026-08-26 20:33:58,59.6,23.4,791,6.1,40.6,NO
2026-08-26 20:33:59,59.3,23.3,800,6.12,40.6,NO
2026-08-26 20:34:00,59.1,23.1,796,6.12,40.6,NO
2026-08-26 20:34:01,58.8,23.2,784,6.13,40.6,NO
2026-08-26 20:34:02,58.6,23.4,780,6.13,40.6,NO
2026-08-26 20:34:03,58.3,23.5,777,6.11,40.6,NO
2026-08-26 20:34:04,58.1,23.5,781,6.13,40.6,NO
2026-08-26 20:34:05,57.8,23.6,793,6.12,40.6,NO
2026-08-26 20:34:06,57.6,23.5,807,6.12,40.6,NO
2026-08-26 20:34:07,57.3,23.3,818,6.14,40.6,NO
2026-08-26 20:34:08,57.1,23.4,828,6.15,40.6,NO
2026-08-26 20:34:09,56.8,23.4,841,6.14,40.6,NO
2026-08-26 20:34:10,56.6,23.2,834,6.15,40.6,NO
2026-08-26 20:34:11,56.3,23.0,832,6.14,40.6,NO
2026-08-26 20:34:12,56.1,23.1,841,6.15,40.6,NO
2026-08-26 20:34:13,55.8,23.3,840,6.16,40.6,NO
2026-08-26 20:34:14,55.6,23.1,835,6.17,40.6,NO
2026-08-26 20:34:15,55.3,23.1,835,6.16,40.6,NO
2026-08-26 20:34:16,55.1,23.2,834,6.16,40.6,NO
2026-08-26 20:34:17,54.8,23.1,831,6.14,40.6,NO
2026-08-26 20:34:18,54.6,23.2,839,6.16,40.6,NO
2026-08-26 20:34:19,54.3,23.3,851,6.17,40.6,NO
2026-08-26 20:34:20,54.1,23.5,843,6.15,40.6,NO
2026-08-26 20:34:21,53.8,23.3,851,6.16,40.6,NO
2026-08-26 20:34:22,53.6,23.3,856,6.17,40.6,NO
2026-08-26 20:34:23,53.3,23.2,841,6.18,40.6,NO
2026-08-26 20:34:24,53.1,23.0,827,6.19,40.6,NO
2026-08-26 20:34:25,52.8,23.0,821,6.17,40.6,NO
2026-08-26 20:34:26,52.6,23.2,835,6.18,40.6,NO
2026-08-26 20:34:27,52.3,23.3,850,6.17,40.6,NO
2026-08-26 20:34:28,52.1,23.2,846,6.19,40.6,NO
2026-08-26 20:34:29,51.8,23.4,853,6.18,40.6,NO
2026-08-26 20:34:30,51.6,23.4,850,6.19,40.6,NO
2026-08-26 20:34:31,51.3,23.4,847,6.2,40.6,NO
2026-08-26 20:34:32,51.1,23.6,855,6.22,40.6,NO
2026-08-26 20:34:33,50.8,23.6,841,6.22,40.6,NO
2026-08-26 20:34:34,50.6,23.4,827,6.21,40.6,NO
2026-08-26 20:34:35,50.3,23.4,823,6.2,40.6,NO
2026-08-26 20:34:36,50.1,23.3,816,6.21,40.6,NO
2026-08-26 20:34:37,49.8,23.4,811,6.2,40.6,NO
2026-08-26 20:34:38,49.6,23.3,805,6.22,40.6,NO
2026-08-26 20:34:39,49.3,23.2,793,6.21,40.6,NO
2026-08-26 20:34:40,49.1,23.2,779,6.21,40.6,NO
2026-08-26 20:34:41,48.8,23.1,776,6.23,40.6,NO
2026-08-26 20:34:42,48.6,23.2,764,6.22,40.6,NO
2026-08-26 20:34:43,48.3,23.3,771,6.22,40.6,NO
2026-08-26 20:34:44,48.1,23.4,779,6.21,40.6,NO
2026-08-26 20:34:45,47.8,23.5,782,6.21,40.6,NO
2026-08-26 20:34:46,47.6,23.6,788,6.23,40.6,NO
2026-08-26 20:34:47,47.3,23.6,791,6.24,40.6,NO
2026-08-26 20:34:48,47.1,23.6,789,6.25,40.6,NO
2026-08-26 20:34:49,46.8,23.7,799,6.25,40.6,NO
2026-08-26 20:34:50,46.6,23.9,813,6.26,40.6,NO
2026-08-26 20:34:51,46.3,24.0,814,6.26,40.6,NO
2026-08-26 20:34:52,46.1,24.2,822,6.26,40.6,NO
2026-08-26 20:34:53,45.8,24.2,826,6.26,40.6,NO
2026-08-26 20:34:54,45.6,24.2,838,6.27,40.6,NO
2026-08-26 20:34:55,45.3,24.0,826,6.27,40.6,NO
2026-08-26 20:34:56,45.1,24.2,818,6.28,40.6,NO
2026-08-26 20:34:57,44.8,24.1,825,6.27,40.6,NO
2026-08-26 20:34:58,44.6,24.1,835,6.25,40.6,NO
2026-08-26 20:34:59,44.3,24.3,825,6.26,40.6,NO
2026-08-26 20:35:00,44.1,24.4,819,6.26,40.6,NO
2026-08-26 20:35:01,43.8,24.3,810,6.25,40.6,NO
2026-08-26 20:35:02,43.6,24.4,807,6.25,40.6,NO
2026-08-26 20:35:03,43.3,24.4,815,6.24,40.6,NO
2026-08-26 20:35:04,43.1,24.3,816,6.26,40.6,NO
2026-08-26 20:35:05,42.8,24.5,809,6.25,40.6,NO
2026-08-26 20:35:06,42.6,24.5,810,6.23,40.6,NO
2026-08-26 20:35:07,42.3,24.4,814,6.24,40.6,NO
2026-08-26 20:35:08,42.1,24.5,821,6.25,40.6,NO
2026-08-26 20:35:09,41.8,24.7,829,6.27,40.6,NO
2026-08-26 20:35:10,41.6,24.8,843,6.26,40.6,NO
2026-08-26 20:35:11,41.3,24.7,843,6.26,40.6,NO
2026-08-26 20:35:12,41.1,24.9,858,6.28,40.6,NO
2026-08-26 20:35:13,40.8,25.0,858,6.3,40.6,NO
2026-08-26 20:35:14,40.6,24.8,843,6.3,40.6,NO
2026-08-26 20:35:15,40.3,24.6,834,6.3,40.6,NO
2026-08-26 20:35:16,40.1,24.6,837,6.31,40.6,NO
2026-08-26 20:35:17,39.8,24.8,836,6.33,40.6,NO
2026-08-26 20:35:18,39.6,24.7,829,6.32,40.6,NO
2026-08-26 20:35:19,39.3,24.5,836,6.31,40.6,NO
2026-08-26 20:35:20,39.1,24.5,826,6.29,40.6,NO
2026-08-26 20:35:21,38.8,24.5,822,6.29,40.6,NO
2026-08-26 20:35:22,38.6,24.5,830,6.27,40.6,NO
2026-08-26 20:35:23,38.3,24.6,841,6.28,40.6,NO
2026-08-26 20:35:24,38.1,24.7,844,6.3,40.6,NO
2026-08-26 20:35:25,37.8,24.8,855,6.3,40.6,NO
2026-08-26 20:35:26,37.6,24.7,847,6.3,40.6,NO
2026-08-26 20:35:27,37.3,24.5,850,6.28,40.6,NO
2026-08-26 20:35:28,37.1,24.3,842,6.3,40.6,NO
2026-08-26 20:35:29,36.8,24.4,838,6.3,40.6,NO
2026-08-26 20:35:30,36.6,24.4,848,6.28,40.6,NO
2026-08-26 20:35:31,36.3,24.6,840,6.27,40.6,NO
2026-08-26 20:35:32,36.1,24.6,833,6.27,40.6,NO
2026-08-26 20:35:33,35.8,24.8,824,6.28,40.6,NO
2026-08-26 20:35:34,35.6,24.8,816,6.27,40.6,NO
2026-08-26 20:35:35,35.3,24.9,806,6.27,40.6,NO
2026-08-26 20:35:36,35.1,24.9,813,6.25,40.6,NO
2026-08-26 20:35:37,34.8,25.1,799,6.24,40.6,SI
2026-08-26 20:35:38,36.0,25.2,790,6.22,40.0,SI
2026-08-26 20:35:39,37.2,25.4,781,6.23,39.4,SI
2026-08-26 20:35:40,38.4,25.5,777,6.23,38.8,SI
2026-08-26 20:35:41,39.6,25.5,775,6.21,38.2,SI
2026-08-26 20:35:42,40.8,25.7,778,6.23,37.6,SI
2026-08-26 20:35:43,42.0,25.6,775,6.23,37.0,SI
2026-08-26 20:35:44,43.2,25.4,778,6.22,36.4,SI
2026-08-26 20:35:45,44.4,25.6,793,6.21,35.8,SI
2026-08-26 20:35:46,45.6,25.7,787,6.21,35.2,SI
2026-08-26 20:35:47,46.8,25.6,784,6.19,34.6,SI
2026-08-26 20:35:48,48.0,25.6,787,6.21,34.0,SI
2026-08-26 20:35:49,49.2,25.4,773,6.23,33.4,SI
2026-08-26 20:35:50,50.4,25.3,767,6.23,32.8,SI
2026-08-26 20:35:51,51.6,25.2,777,6.23,32.2,SI
2026-08-26 20:35:52,52.8,25.2,764,6.23,31.6,SI
2026-08-26 20:35:53,54.0,25.4,774,6.25,31.0,SI
2026-08-26 20:35:54,55.2,25.2,787,6.25,30.4,SI
2026-08-26 20:35:55,56.4,25.0,786,6.24,29.8,SI
2026-08-26 20:35:56,57.6,25.1,782,6.25,29.2,SI
2026-08-26 20:35:57,58.8,25.1,771,6.25,28.6,SI
2026-08-26 20:35:58,60.0,25.1,777,6.26,28.0,NO
2026-08-26 20:35:59,59.8,25.3,791,6.25,28.0,NO
2026-08-26 20:36:00,59.5,25.3,795,6.25,28.0,NO
2026-08-26 20:36:01,59.3,25.3,809,6.24,28.0,NO
2026-08-26 20:36:02,59.0,25.4,808,6.22,28.0,NO
2026-08-26 20:36:03,58.8,25.5,805,6.2,28.0,NO
2026-08-26 20:36:04,58.5,25.5,809,6.19,28.0,NO
2026-08-26 20:36:05,58.3,25.4,822,6.17,28.0,NO
2026-08-26 20:36:06,58.0,25.4,817,6.19,28.0,NO
2026-08-26 20:36:07,57.8,25.5,817,6.2,28.0,NO
2026-08-26 20:36:08,57.5,25.3,813,6.18,28.0,NO
2026-08-26 20:36:09,57.3,25.4,823,6.18,28.0,NO
2026-08-26 20:36:10,57.0,25.5,822,6.18,28.0,NO
2026-08-26 20:36:11,56.8,25.6,836,6.19,28.0,NO
2026-08-26 20:36:12,56.5,25.7,829,6.2,28.0,NO
2026-08-26 20:36:13,56.3,25.8,823,6.2,28.0,NO
2026-08-26 20:36:14,56.0,25.7,832,6.21,28.0,NO
2026-08-26 20:36:15,55.8,25.8,840,6.2,28.0,NO
2026-08-26 20:36:16,55.5,25.8,853,6.19,28.0,NO
2026-08-26 20:36:17,55.3,26.0,856,6.2,28.0,NO
2026-08-26 20:36:18,55.0,26.1,852,6.19,28.0,NO
2026-08-26 20:36:19,54.8,25.9,845,6.19,28.0,NO
2026-08-26 20:36:20,54.5,26.0,836,6.21,28.0,NO
2026-08-26 20:36:21,54.3,26.1,829,6.22,28.0,NO
2026-08-26 20:36:22,54.0,26.1,843,6.22,28.0,NO
2026-08-26 20:36:23,53.8,26.3,842,6.21,28.0,NO
2026-08-26 20:36:24,53.5,26.2,846,6.22,28.0,NO
2026-08-26 20:36:25,53.3,26.2,847,6.21,28.0,NO
2026-08-26 20:36:26,53.0,26.1,835,6.21,28.0,NO
2026-08-26 20:36:27,52.8,26.0,828,6.19,28.0,NO
2026-08-26 20:36:28,52.5,26.0,829,6.17,28.0,NO
2026-08-26 20:36:29,52.3,26.0,824,6.17,28.0,NO
2026-08-26 20:36:30,52.0,25.8,832,6.17,28.0,NO
2026-08-26 20:36:31,51.8,25.7,847,6.17,28.0,NO
2026-08-26 20:36:32,51.5,25.8,834,6.17,28.0,NO
2026-08-26 20:36:33,51.3,25.7,827,6.16,28.0,NO
2026-08-26 20:36:34,51.0,25.6,815,6.15,28.0,NO
2026-08-26 20:36:35,50.8,25.7,801,6.15,28.0,NO
2026-08-26 20:36:36,50.5,25.8,800,6.16,28.0,NO
2026-08-26 20:36:37,50.3,25.7,803,6.14,28.0,NO
2026-08-26 20:36:38,50.0,25.6,807,6.16,28.0,NO
2026-08-26 20:36:39,49.8,25.7,815,6.17,28.0,NO
2026-08-26 20:36:40,49.5,25.7,817,6.16,28.0,NO
2026-08-26 20:36:41,49.3,25.6,812,6.17,28.0,NO
2026-08-26 20:36:42,49.0,25.4,801,6.16,28.0,NO
2026-08-26 20:36:43,48.8,25.5,815,6.15,28.0,NO
2026-08-26 20:36:44,48.5,25.4,800,6.13,28.0,NO
2026-08-26 20:36:45,48.3,25.5,798,6.14,28.0,NO
2026-08-26 20:36:46,48.0,25.5,802,6.13,28.0,NO
2026-08-26 20:36:47,47.8,25.7,792,6.15,28.0,NO
2026-08-26 20:36:48,47.5,25.5,795,6.13,28.0,NO
2026-08-26 20:36:49,47.3,25.5,787,6.13,28.0,NO
2026-08-26 20:36:50,47.0,25.7,784,6.14,28.0,NO
2026-08-26 20:36:51,46.8,25.6,792,6.14,28.0,NO
2026-08-26 20:36:52,46.5,25.4,786,6.14,28.0,NO
2026-08-26 20:36:53,46.3,25.6,788,6.14,28.0,NO
2026-08-26 20:36:54,46.0,25.6,797,6.16,28.0,NO
2026-08-26 20:36:55,45.8,25.8,806,6.16,28.0,NO
2026-08-26 20:36:56,45.5,25.7,804,6.18,28.0,NO
2026-08-26 20:36:57,45.3,25.7,817,6.19,28.0,NO
2026-08-26 20:36:58,45.0,25.7,812,6.19,28.0,NO
2026-08-26 20:36:59,44.8,25.8,827,6.21,28.0,NO
2026-08-26 20:37:00,44.5,25.6,842,6.21,28.0,NO
2026-08-26 20:37:01,44.3,25.6,843,6.19,28.0,NO
2026-08-26 20:37:02,44.0,25.6,837,6.2,28.0,NO
2026-08-26 20:37:03,43.8,25.7,849,6.18,28.0,NO
2026-08-26 20:37:04,43.5,25.5,854,6.18,28.0,NO
2026-08-26 20:37:05,43.3,25.5,855,6.19,28.0,NO
2026-08-26 20:37:06,43.0,25.4,857,6.18,28.0,NO
2026-08-26 20:37:07,42.8,25.3,864,6.18,28.0,NO
2026-08-26 20:37:08,42.5,25.4,858,6.16,28.0,NO
2026-08-26 20:37:09,42.3,25.5,850,6.17,28.0,NO
2026-08-26 20:37:10,42.0,25.6,858,6.15,28.0,NO
2026-08-26 20:37:11,41.8,25.8,868,6.16,28.0,NO
2026-08-26 20:37:12,41.5,25.9,861,6.15,28.0,NO
2026-08-26 20:37:13,41.3,26.0,873,6.14,28.0,NO
2026-08-26 20:37:14,41.0,25.9,881,6.14,28.0,NO
2026-08-26 20:37:15,40.8,25.8,892,6.15,28.0,NO
2026-08-26 20:37:16,40.5,25.8,883,6.16,28.0,NO
2026-08-26 20:37:17,40.3,25.9,894,6.18,28.0,NO
2026-08-26 20:37:18,40.0,25.9,894,6.17,28.0,NO
2026-08-26 20:37:19,39.8,26.0,904,6.16,28.0,NO
2026-08-26 20:37:20,39.5,26.0,918,6.15,28.0,NO
2026-08-26 20:37:21,39.3,25.9,930,6.14,28.0,NO
2026-08-26 20:37:22,39.0,26.1,939,6.12,28.0,NO
2026-08-26 20:37:23,38.8,25.9,927,6.11,28.0,NO
2026-08-26 20:37:24,38.5,25.8,923,6.12,28.0,NO
2026-08-26 20:37:25,38.3,25.6,908,6.11,28.0,NO
2026-08-26 20:37:26,38.0,25.4,912,6.11,28.0,NO
2026-08-26 20:37:27,37.8,25.4,916,6.12,28.0,NO
2026-08-26 20:37:28,37.5,25.3,917,6.12,28.0,NO
2026-08-26 20:37:29,37.3,25.4,919,6.13,28.0,NO
2026-08-26 20:37:30,37.0,25.4,910,6.14,28.0,NO
2026-08-26 20:37:31,36.8,25.3,917,6.13,28.0,NO
2026-08-26 20:37:32,36.5,25.3,916,6.14,28.0,NO
2026-08-26 20:37:33,36.3,25.2,906,6.15,28.0,NO
2026-08-26 20:37:34,36.0,25.1,900,6.15,28.0,NO
2026-08-26 20:37:35,35.8,24.9,894,6.13,28.0,NO
2026-08-26 20:37:36,35.5,25.1,904,6.14,28.0,NO
2026-08-26 20:37:37,35.3,25.1,914,6.12,28.0,NO
2026-08-26 20:37:38,35.0,25.2,905,6.12,28.0,NO
2026-08-26 20:37:39,34.8,25.1,911,6.1,28.0,SI
2026-08-26 20:37:40,36.0,25.0,914,6.12,27.4,SI
2026-08-26 20:37:41,37.2,24.9,905,6.11,26.8,SI
2026-08-26 20:37:42,38.4,24.8,920,6.09,26.2,SI
2026-08-26 20:37:43,39.6,24.9,933,6.09,25.6,SI
2026-08-26 20:37:44,40.8,24.9,932,6.1,25.0,SI
2026-08-26 20:37:45,42.0,24.8,944,6.08,24.4,SI
2026-08-26 20:37:46,43.2,24.8,950,6.08,23.8,SI
2026-08-26 20:37:47,44.4,24.6,949,6.08,23.2,SI
2026-08-26 20:37:48,45.6,24.8,940,6.07,22.6,SI
2026-08-26 20:37:49,46.8,24.8,940,6.05,22.0,SI
2026-08-26 20:37:50,48.0,24.7,946,6.04,21.4,SI
2026-08-26 20:37:51,49.2,24.5,945,6.03,20.8,SI
2026-08-26 20:37:52,50.4,24.6,949,6.02,20.2,SI
2026-08-26 20:37:53,51.6,24.6,946,6.04,19.6,SI
2026-08-26 20:37:54,52.8,24.6,950,6.02,19.0,SI
2026-08-26 20:37:55,54.0,24.8,948,6.01,18.4,SI
2026-08-26 20:37:56,55.2,24.6,942,6.0,17.8,SI
2026-08-26 20:37:57,56.4,24.8,932,6.0,17.2,SI
2026-08-26 20:37:58,57.6,24.6,930,6.01,16.6,SI
2026-08-26 20:37:59,58.8,24.6,934,6.02,16.0,SI
2026-08-26 20:38:00,60.0,24.6,942,6.03,15.4,SI
2026-08-26 20:38:01,61.2,24.8,931,6.04,14.8,NO
2026-08-26 20:38:02,60.9,24.8,924,6.04,14.8,NO
2026-08-26 20:38:03,60.7,24.9,931,6.06,14.8,NO
2026-08-26 20:38:04,60.4,24.8,939,6.08,14.8,NO
2026-08-26 20:38:05,60.2,24.8,945,6.08,14.8,NO
2026-08-26 20:38:06,59.9,24.9,942,6.09,14.8,NO
2026-08-26 20:38:07,59.7,25.0,950,6.08,14.8,NO
2026-08-26 20:38:08,59.4,24.8,938,6.07,14.8,NO
2026-08-26 20:38:09,59.2,24.7,943,6.08,14.8,NO
2026-08-26 20:38:10,58.9,24.9,930,6.06,14.8,NO
2026-08-26 20:56:15,47.2,22.9,660,6.42,85.0,NO
2026-08-26 20:56:17,47.0,22.7,665,6.44,85.0,NO
2026-08-26 20:56:18,46.8,22.8,661,6.43,85.0,NO
2026-08-26 20:56:19,46.5,22.6,651,6.42,85.0,NO
2026-08-26 20:56:20,46.2,22.6,661,6.42,85.0,NO
2026-08-26 20:56:21,46.0,22.6,652,6.42,85.0,NO
2026-08-26 20:56:22,45.8,22.4,650,6.41,85.0,NO
2026-08-26 20:56:23,45.5,22.5,637,6.4,85.0,NO
2026-08-26 20:56:24,45.2,22.4,643,6.42,85.0,NO
2026-08-26 20:56:25,45.0,22.2,640,6.42,85.0,NO
2026-08-26 20:56:26,44.8,22.1,636,6.41,85.0,NO
2026-08-26 20:56:27,44.5,22.2,640,6.41,85.0,NO
2026-08-26 20:56:28,44.2,22.2,651,6.4,85.0,NO
2026-08-26 20:56:29,44.0,22.3,658,6.41,85.0,NO
2026-08-26 20:56:30,43.8,22.5,658,6.42,85.0,NO
2026-08-26 20:56:31,43.5,22.6,655,6.41,85.0,NO
2026-08-26 20:56:32,43.2,22.7,644,6.4,85.0,NO
2026-08-26 20:56:33,43.0,22.6,643,6.4,85.0,NO
2026-08-26 20:56:34,42.8,22.5,653,6.38,85.0,NO
2026-08-26 20:56:35,42.5,22.5,656,6.38,85.0,NO
2026-08-26 20:56:36,42.2,22.4,650,6.36,85.0,NO
2026-08-26 20:56:37,42.0,22.5,640,6.37,85.0,NO
2026-08-26 20:56:38,41.8,22.5,645,6.37,85.0,NO
2026-08-26 20:56:39,41.5,22.5,643,6.37,85.0,NO
2026-08-26 20:56:40,41.2,22.4,635,6.38,85.0,NO
2026-08-26 20:56:41,41.0,22.3,637,6.38,85.0,NO
2026-08-26 20:56:42,40.8,22.2,648,6.37,85.0,NO
2026-08-26 20:56:43,40.5,22.3,644,6.39,85.0,NO
2026-08-26 20:56:44,40.2,22.4,633,6.39,85.0,NO
2026-08-26 20:56:45,40.0,22.3,643,6.37,85.0,NO
2026-08-26 20:56:46,39.8,22.4,639,6.36,85.0,NO
2026-08-26 20:56:47,39.5,22.5,647,6.35,85.0,NO
2026-08-26 20:56:48,39.2,22.7,644,6.36,85.0,NO
2026-08-26 20:56:49,39.0,22.9,656,6.37,85.0,NO
2026-08-26 20:56:50,38.8,22.9,647,6.38,85.0,NO
2026-08-26 20:56:51,38.5,23.1,658,6.4,85.0,NO
2026-08-26 20:56:52,38.2,23.0,652,6.39,85.0,NO
2026-08-26 20:56:53,38.0,23.2,642,6.4,85.0,NO
2026-08-26 20:56:54,37.8,23.2,634,6.42,85.0,NO
2026-08-26 20:56:55,37.5,23.4,636,6.42,85.0,NO
2026-08-26 20:56:56,37.2,23.6,634,6.43,85.0,NO
2026-08-26 20:56:57,37.0,23.7,635,6.42,85.0,NO
2026-08-26 20:56:58,36.8,23.7,639,6.44,85.0,NO
2026-08-26 20:56:59,36.5,23.8,640,6.42,85.0,NO
2026-08-26 20:57:00,36.2,23.6,645,6.43,85.0,NO
2026-08-26 20:57:01,36.0,23.6,648,6.42,85.0,NO
2026-08-26 20:57:02,35.8,23.5,660,6.42,85.0,NO
2026-08-26 20:57:03,35.5,23.5,654,6.44,85.0,NO
2026-08-26 20:57:04,35.2,23.7,657,6.43,85.0,NO
2026-08-26 20:57:05,35.0,23.5,648,6.43,85.0,SI
2026-08-26 20:57:06,36.2,23.4,645,6.44,84.4,SI
2026-08-26 20:57:07,37.4,23.4,658,6.42,83.8,SI
2026-08-26 20:57:08,38.6,23.5,654,6.44,83.2,SI
2026-08-26 20:57:09,39.8,23.6,662,6.44,82.6,SI
2026-08-26 20:57:10,41.0,23.5,664,6.45,82.0,SI
2026-08-26 20:57:11,42.2,23.7,661,6.46,81.4,SI
2026-08-26 20:57:12,43.4,23.5,658,6.45,80.8,SI
2026-08-26 20:57:13,44.6,23.6,657,6.46,80.2,SI
2026-08-26 20:57:14,45.8,23.4,649,6.46,79.6,SI
2026-08-26 20:57:15,47.0,23.2,635,6.47,79.0,SI
2026-08-26 20:57:16,48.2,23.4,621,6.46,78.4,SI
2026-08-26 20:57:17,49.4,23.2,625,6.44,77.8,SI
2026-08-26 20:57:18,50.6,23.3,619,6.45,77.2,SI
2026-08-26 20:57:19,51.8,23.5,626,6.46,76.6,SI
2026-08-26 20:57:20,51.6,23.4,616,6.45,76.6,NO
2026-08-26 20:57:21,51.3,23.4,609,6.46,76.6,NO
2026-08-26 20:57:22,51.1,23.3,616,6.44,76.6,NO
2026-08-26 20:57:23,50.8,23.3,615,6.44,76.6,NO
2026-08-26 20:57:24,50.6,23.2,622,6.45,76.6,NO
2026-08-26 20:57:25,50.3,23.3,610,6.45,76.6,NO
2026-08-26 20:57:26,50.1,23.3,600,6.47,76.6,NO
2026-08-26 20:57:27,49.8,23.4,606,6.49,76.6,NO
2026-08-26 20:57:28,49.6,23.4,612,6.5,76.6,NO
2026-08-26 20:57:29,49.3,23.5,605,6.49,76.6,NO
2026-08-26 20:57:30,49.1,23.6,609,6.49,76.6,NO
2026-08-26 20:57:31,48.8,23.6,623,6.48,76.6,NO
2026-08-26 20:57:32,48.6,23.7,623,6.49,76.6,NO
2026-08-26 20:57:33,48.3,23.7,628,6.5,76.6,NO
2026-08-26 20:57:34,48.1,23.8,630,6.49,76.6,NO
2026-08-26 20:57:35,47.8,23.8,636,6.5,76.6,NO
2026-08-26 20:57:36,47.6,24.0,644,6.52,76.6,NO
2026-08-26 20:57:37,47.3,24.0,652,6.51,76.6,NO
2026-08-26 20:57:38,47.1,23.9,657,6.52,76.6,NO
2026-08-26 20:57:39,46.8,24.0,662,6.52,76.6,NO
2026-08-26 20:57:40,46.6,24.2,670,6.54,76.6,NO
2026-08-26 20:57:41,46.3,24.3,659,6.53,76.6,NO
2026-08-26 20:57:42,46.1,24.2,653,6.54,76.6,NO
2026-08-26 20:57:43,45.8,24.3,646,6.54,76.6,NO
2026-08-26 20:57:44,45.6,24.3,649,6.54,76.6,NO
2026-08-26 20:57:45,45.3,24.3,658,6.53,76.6,NO
2026-08-26 20:57:46,45.1,24.5,669,6.54,76.6,NO
2026-08-26 20:57:47,44.8,24.3,661,6.54,76.6,NO
2026-08-26 20:57:48,44.6,24.5,649,6.56,76.6,NO
2026-08-26 20:57:49,44.3,24.5,637,6.56,76.6,NO
2026-08-26 20:57:50,44.1,24.6,638,6.56,76.6,NO
2026-08-26 20:57:51,43.8,24.4,651,6.55,76.6,NO
2026-08-26 20:57:52,43.6,24.3,662,6.56,76.6,NO
2026-08-26 20:57:53,43.3,24.3,674,6.57,76.6,NO
2026-08-26 20:57:54,43.1,24.5,677,6.57,76.6,NO
2026-08-26 20:57:55,42.8,24.4,682,6.57,76.6,NO
2026-08-26 20:57:56,42.6,24.3,676,6.58,76.6,NO
2026-08-26 20:57:57,42.3,24.4,678,6.6,76.6,NO
2026-08-26 20:57:58,42.1,24.4,668,6.61,76.6,NO
2026-08-26 20:57:59,41.8,24.4,679,6.61,76.6,NO
2026-08-26 20:58:00,41.6,24.4,669,6.59,76.6,NO
2026-08-26 20:58:01,41.3,24.4,671,6.59,76.6,NO
2026-08-26 20:58:02,41.1,24.4,679,6.6,76.6,NO
2026-08-26 20:58:03,40.8,24.3,667,6.6,76.6,NO
2026-08-26 20:58:04,40.6,24.5,662,6.61,76.6,NO
2026-08-26 20:58:05,40.3,24.4,672,6.6,76.6,NO
2026-08-26 20:58:06,40.1,24.2,676,6.61,76.6,NO
2026-08-26 20:58:07,39.8,24.2,687,6.59,76.6,NO
2026-08-26 20:58:08,39.6,24.2,683,6.61,76.6,NO
2026-08-26 20:58:09,39.3,24.3,689,6.63,76.6,NO
2026-08-26 20:58:10,39.1,24.3,691,6.62,76.6,NO
2026-08-26 20:58:11,38.8,24.1,705,6.64,76.6,NO
2026-08-26 20:58:12,38.6,23.9,717,6.65,76.6,NO
2026-08-26 20:58:13,38.3,24.0,722,6.67,76.6,NO
2026-08-26 20:58:14,38.1,24.0,727,6.68,76.6,NO
2026-08-26 20:58:15,37.8,24.2,719,6.68,76.6,NO
2026-08-26 20:58:16,37.6,24.2,734,6.69,76.6,NO
2026-08-26 20:58:17,37.3,24.3,727,6.68,76.6,NO
2026-08-26 20:58:18,37.1,24.1,718,6.69,76.6,NO
2026-08-26 20:58:19,36.8,24.1,729,6.69,76.6,NO
2026-08-26 20:58:20,36.6,24.2,714,6.68,76.6,NO
2026-08-26 20:58:21,36.3,24.2,706,6.69,76.6,NO
2026-08-26 20:58:22,36.1,24.2,700,6.7,76.6,NO
2026-08-26 20:58:23,35.8,24.2,687,6.71,76.6,NO
2026-08-26 20:58:24,35.6,24.3,680,6.72,76.6,NO
2026-08-26 20:58:25,35.3,24.3,674,6.74,76.6,NO
2026-08-26 20:58:26,35.1,24.1,676,6.73,76.6,NO
2026-08-26 20:58:27,34.8,24.3,687,6.74,76.6,SI
2026-08-26 20:58:28,36.0,24.2,672,6.76,76.0,SI
2026-08-26 20:58:29,37.2,24.3,666,6.77,75.4,SI
2026-08-26 20:58:30,38.4,24.3,661,6.78,74.8,SI
2026-08-26 20:58:31,39.6,24.3,664,6.78,74.2,SI
2026-08-26 20:58:32,40.8,24.3,676,6.8,73.6,SI
2026-08-26 20:58:33,42.0,24.4,688,6.81,73.0,SI
2026-08-26 20:58:34,43.2,24.5,676,6.82,72.4,SI
2026-08-26 20:58:35,44.4,24.6,688,6.82,71.8,SI
2026-08-26 20:58:36,45.6,24.6,702,6.82,71.2,SI
2026-08-26 20:58:37,46.8,24.5,716,6.8,70.6,SI
2026-08-26 20:58:38,48.0,24.5,728,6.79,70.0,SI
2026-08-26 20:58:39,49.2,24.6,718,6.81,69.4,SI
2026-08-26 20:58:40,50.4,24.5,729,6.79,68.8,SI
2026-08-26 20:58:41,51.6,24.4,720,6.78,68.2,SI
2026-08-26 20:58:42,52.8,24.3,719,6.79,67.6,SI
2026-08-26 20:58:43,54.0,24.2,717,6.78,67.0,SI
2026-08-26 20:58:44,55.2,24.0,719,6.77,66.4,SI
2026-08-26 20:58:45,56.4,24.1,717,6.77,65.8,SI
2026-08-26 20:58:46,57.6,24.3,732,6.77,65.2,SI
2026-08-26 20:58:47,58.8,24.1,718,6.78,64.6,SI
2026-08-26 20:58:48,60.0,24.0,708,6.77,64.0,NO
2026-08-26 20:58:49,59.8,23.9,714,6.78,64.0,NO
2026-08-26 20:58:50,59.5,24.1,726,6.77,64.0,NO
2026-08-26 20:58:51,59.3,24.0,715,6.75,64.0,NO
2026-08-26 20:58:52,59.0,24.1,712,6.76,64.0,NO
2026-08-26 20:58:53,58.8,24.0,712,6.76,64.0,NO
2026-08-26 20:58:54,58.5,24.0,705,6.75,64.0,NO
2026-08-26 20:58:55,58.3,24.0,713,6.73,64.0,NO
2026-08-26 20:58:56,58.0,24.2,700,6.74,64.0,NO
2026-08-26 20:58:57,57.8,24.2,708,6.74,64.0,NO
2026-08-26 20:58:58,57.5,24.3,713,6.73,64.0,NO
2026-08-26 20:58:59,57.3,24.3,712,6.72,64.0,NO
2026-08-26 20:59:00,57.0,24.4,708,6.7,64.0,NO
2026-08-26 20:59:01,56.8,24.5,710,6.72,64.0,NO
2026-08-26 20:59:02,56.5,24.4,698,6.71,64.0,NO
2026-08-26 20:59:03,56.3,24.6,697,6.71,64.0,NO
2026-08-26 20:59:04,56.0,24.6,698,6.71,64.0,NO
2026-08-26 20:59:05,55.8,24.7,685,6.7,64.0,NO
2026-08-26 20:59:06,55.5,24.5,674,6.7,64.0,NO
2026-08-26 20:59:07,55.3,24.5,684,6.7,64.0,NO
2026-08-26 20:59:08,55.0,24.6,669,6.7,64.0,NO
2026-08-26 20:59:09,54.8,24.8,673,6.71,64.0,NO
2026-08-26 20:59:10,54.5,25.0,658,6.7,64.0,NO
2026-08-26 20:59:11,54.3,24.9,647,6.69,64.0,NO
2026-08-26 20:59:12,54.0,25.1,653,6.68,64.0,NO
2026-08-26 20:59:13,53.8,25.3,649,6.67,64.0,NO
2026-08-26 20:59:14,53.5,25.2,637,6.65,64.0,NO
2026-08-26 20:59:15,53.3,25.4,630,6.63,64.0,NO
2026-08-26 20:59:16,53.0,25.5,615,6.65,64.0,NO
2026-08-26 20:59:17,52.8,25.4,627,6.66,64.0,NO
2026-08-26 20:59:18,52.5,25.6,636,6.65,64.0,NO
2026-08-26 20:59:19,52.3,25.4,639,6.66,64.0,NO
2026-08-26 20:59:20,52.0,25.5,654,6.66,64.0,NO
2026-08-26 20:59:21,51.8,25.6,666,6.67,64.0,NO
2026-08-26 20:59:22,51.5,25.7,667,6.66,64.0,NO
2026-08-26 20:59:23,51.3,25.8,658,6.65,64.0,NO
2026-08-26 20:59:24,51.0,25.8,651,6.66,64.0,NO
2026-08-26 20:59:25,50.8,25.7,640,6.67,64.0,NO
2026-08-26 20:59:26,50.5,25.5,647,6.67,64.0,NO
2026-08-26 20:59:27,50.3,25.7,642,6.67,64.0,NO
2026-08-26 20:59:28,50.0,25.7,650,6.68,64.0,NO
2026-08-26 20:59:29,49.8,25.8,639,6.68,64.0,NO
2026-08-26 20:59:30,49.5,25.8,645,6.69,64.0,NO
2026-08-26 20:59:31,49.3,25.8,655,6.71,64.0,NO
2026-08-26 20:59:32,49.0,25.9,650,6.69,64.0,NO
2026-08-26 20:59:33,48.8,26.0,638,6.67,64.0,NO
2026-08-26 20:59:34,48.5,26.0,651,6.65,64.0,NO
2026-08-26 20:59:35,48.3,26.1,660,6.66,64.0,NO
2026-08-26 20:59:36,48.0,26.0,662,6.64,64.0,NO
2026-08-26 20:59:37,47.8,25.9,665,6.64,64.0,NO
2026-08-26 20:59:38,47.5,25.9,657,6.65,64.0,NO
2026-08-26 20:59:39,47.3,25.8,647,6.64,64.0,NO
2026-08-26 20:59:40,47.0,25.8,640,6.65,64.0,NO
2026-08-26 20:59:41,46.8,25.9,627,6.64,64.0,NO
2026-08-26 20:59:42,46.5,25.9,626,6.64,64.0,NO
2026-08-26 20:59:43,46.3,25.7,613,6.63,64.0,NO
2026-08-26 20:59:44,46.0,25.6,606,6.64,64.0,NO
2026-08-26 20:59:45,45.8,25.5,613,6.63,64.0,NO
2026-08-26 20:59:46,45.5,25.7,618,6.62,64.0,NO
2026-08-26 20:59:47,45.3,25.5,624,6.64,64.0,NO
2026-08-26 20:59:48,45.0,25.5,617,6.63,64.0,NO
2026-08-26 20:59:49,44.8,25.5,630,6.62,64.0,NO
2026-08-26 20:59:50,44.5,25.5,630,6.63,64.0,NO
2026-08-26 20:59:51,44.3,25.5,617,6.62,64.0,NO
2026-08-26 20:59:52,44.0,25.4,615,6.61,64.0,NO
2026-08-26 20:59:53,43.8,25.6,605,6.62,64.0,NO
2026-08-26 20:59:54,43.5,25.5,609,6.61,64.0,NO
2026-08-26 20:59:55,43.3,25.5,621,6.59,64.0,NO
2026-08-26 20:59:56,43.0,25.5,616,6.58,64.0,NO
2026-08-26 20:59:57,42.8,25.4,622,6.56,64.0,NO
2026-08-26 20:59:58,42.5,25.5,628,6.58,64.0,NO
2026-08-26 20:59:59,42.3,25.4,614,6.59,64.0,NO
2026-08-26 21:00:00,42.0,25.5,608,6.59,64.0,NO
2026-08-26 21:00:01,41.8,25.3,621,6.58,64.0,NO
2026-08-26 21:00:02,41.5,25.1,632,6.57,64.0,NO
2026-08-26 21:00:03,41.3,25.2,643,6.55,64.0,NO
2026-08-26 21:00:04,41.0,25.4,630,6.55,64.0,NO
2026-08-26 21:00:05,40.8,25.3,622,6.56,64.0,NO
2026-08-26 21:00:06,40.5,25.2,631,6.55,64.0,NO
2026-08-26 21:00:07,40.3,25.0,638,6.54,64.0,NO
2026-08-26 21:00:08,40.0,25.0,651,6.56,64.0,NO
2026-08-26 21:00:09,39.8,25.2,664,6.55,64.0,NO
2026-08-26 21:00:10,39.5,25.0,653,6.56,64.0,NO
2026-08-26 21:00:11,39.3,24.8,661,6.56,64.0,NO
2026-08-26 21:00:12,39.0,24.8,651,6.56,64.0,NO
2026-08-26 21:00:13,38.8,24.9,648,6.55,64.0,NO
2026-08-26 21:00:14,38.5,24.9,645,6.56,64.0,NO
2026-08-26 21:00:15,38.3,24.8,638,6.56,64.0,NO
2026-08-26 21:00:16,38.0,24.7,649,6.56,64.0,NO
2026-08-26 21:00:17,37.8,24.7,656,6.57,64.0,NO
2026-08-26 21:00:18,37.5,24.6,645,6.57,64.0,NO
2026-08-26 21:00:19,37.3,24.5,647,6.55,64.0,NO
2026-08-26 21:00:20,37.0,24.3,658,6.57,64.0,NO
2026-08-26 21:00:21,36.8,24.4,653,6.55,64.0,NO
2026-08-26 21:00:22,36.5,24.5,650,6.53,64.0,NO
2026-08-26 21:00:23,36.3,24.6,640,6.54,64.0,NO
2026-08-26 21:00:24,36.0,24.6,628,6.53,64.0,NO
2026-08-26 21:00:25,35.8,24.5,625,6.51,64.0,NO
2026-08-26 21:00:26,35.5,24.4,630,6.53,64.0,NO
2026-08-26 21:00:27,35.3,24.2,642,6.53,64.0,NO
2026-08-26 21:00:28,35.0,24.0,653,6.52,64.0,NO
2026-08-26 21:00:29,34.8,23.9,639,6.53,64.0,SI
2026-08-26 21:00:30,36.0,23.9,645,6.52,63.4,SI
2026-08-26 21:00:31,37.2,23.8,630,6.51,62.8,SI
2026-08-26 21:00:32,38.4,23.7,628,6.51,62.2,SI
2026-08-26 21:00:33,39.6,23.7,636,6.52,61.6,SI
2026-08-26 21:00:34,40.8,23.6,632,6.53,61.0,SI
2026-08-26 21:00:35,42.0,23.6,620,6.51,60.4,SI
2026-08-26 21:00:36,43.2,23.6,609,6.49,59.8,SI
2026-08-26 21:00:37,44.4,23.6,616,6.51,59.2,SI
2026-08-26 21:00:38,45.6,23.8,614,6.51,58.6,SI
2026-08-26 21:00:39,46.8,23.9,613,6.52,58.0,SI
2026-08-26 21:00:40,48.0,24.1,614,6.51,57.4,SI
2026-08-26 21:00:41,49.2,24.0,609,6.5,56.8,SI
2026-08-26 21:00:42,50.4,23.9,598,6.49,56.2,SI
2026-08-26 21:00:43,51.6,24.0,601,6.51,55.6,SI
2026-08-26 21:00:44,52.8,24.2,595,6.52,55.0,SI
2026-08-26 21:00:45,54.0,24.2,589,6.51,54.4,SI
2026-08-26 21:00:46,55.2,24.2,604,6.5,53.8,SI
2026-08-26 21:00:47,56.4,24.2,612,6.5,53.2,SI
2026-08-26 21:00:48,57.6,24.4,598,6.51,52.6,SI
2026-08-26 21:00:49,58.8,24.2,592,6.52,52.0,SI
2026-08-26 21:00:50,60.0,24.4,605,6.51,51.4,SI
2026-08-26 21:00:51,61.2,24.5,590,6.5,50.8,NO
2026-08-26 21:00:52,60.9,24.5,582,6.49,50.8,NO
2026-08-26 21:00:53,60.7,24.4,586,6.47,50.8,NO
2026-08-26 21:00:54,60.4,24.3,579,6.47,50.8,NO
2026-08-26 21:00:55,60.2,24.3,574,6.49,50.8,NO
2026-08-26 21:00:56,59.9,24.5,565,6.49,50.8,NO
2026-08-26 21:00:57,59.7,24.5,556,6.5,50.8,NO
2026-08-26 21:00:58,59.4,24.7,562,6.51,50.8,NO
2026-08-26 21:00:59,59.2,24.8,547,6.52,50.8,NO
2026-08-26 21:01:00,58.9,24.7,532,6.53,50.8,NO
2026-08-26 21:01:01,58.7,24.6,531,6.52,50.8,NO
2026-08-26 21:01:02,58.4,24.7,520,6.52,50.8,NO
2026-08-26 21:01:03,58.2,24.6,535,6.51,50.8,NO
2026-08-26 21:01:04,57.9,24.7,525,6.49,50.8,NO
2026-08-26 21:01:05,57.7,24.8,512,6.51,50.8,NO
2026-08-26 21:01:06,57.4,24.7,524,6.5,50.8,NO
2026-08-26 21:01:07,57.2,24.7,526,6.48,50.8,NO
2026-08-26 21:01:08,56.9,24.7,536,6.47,50.8,NO
2026-08-26 21:01:09,56.7,24.6,524,6.45,50.8,NO
2026-08-26 21:01:10,56.4,24.6,515,6.44,50.8,NO
2026-08-26 21:01:11,56.2,24.6,511,6.43,50.8,NO
2026-08-26 21:01:12,55.9,24.8,520,6.44,50.8,NO
2026-08-26 21:01:13,55.7,24.9,535,6.45,50.8,NO
2026-08-26 21:01:14,55.4,24.7,533,6.43,50.8,NO
2026-08-26 21:01:15,55.2,24.6,548,6.44,50.8,NO
2026-08-26 21:01:16,54.9,24.5,533,6.43,50.8,NO
2026-08-26 21:01:17,54.7,24.6,536,6.44,50.8,NO
2026-08-26 21:01:18,54.4,24.4,541,6.45,50.8,NO
2026-08-26 21:01:19,54.2,24.4,545,6.45,50.8,NO
2026-08-26 21:01:20,53.9,24.3,531,6.46,50.8,NO
2026-08-26 21:01:21,53.7,24.4,536,6.48,50.8,NO
2026-08-26 21:01:22,53.4,24.5,538,6.5,50.8,NO
2026-08-26 21:01:23,53.2,24.7,546,6.5,50.8,NO
2026-08-26 21:01:24,52.9,24.5,538,6.49,50.8,NO
2026-08-26 21:01:25,52.7,24.6,528,6.49,50.8,NO
2026-08-26 21:01:26,52.4,24.5,517,6.47,50.8,NO
2026-08-26 21:01:27,52.2,24.7,513,6.47,50.8,NO
2026-08-26 21:01:28,51.9,24.5,503,6.45,50.8,NO
2026-08-26 21:01:29,51.7,24.6,517,6.47,50.8,NO
2026-08-26 21:01:30,51.4,24.5,504,6.45,50.8,NO
2026-08-26 21:01:31,51.2,24.5,511,6.47,50.8,NO
2026-08-26 21:01:32,50.9,24.7,506,6.46,50.8,NO
2026-08-26 21:01:33,50.7,24.6,504,6.46,50.8,NO
2026-08-26 21:01:34,50.4,24.6,502,6.48,50.8,NO
2026-08-26 21:01:35,50.2,24.5,496,6.48,50.8,NO
2026-08-26 21:01:36,49.9,24.6,502,6.47,50.8,NO
2026-08-26 21:01:37,49.7,24.7,508,6.49,50.8,NO
2026-08-26 21:01:38,49.4,24.7,512,6.49,50.8,NO
2026-08-26 21:01:39,49.2,24.8,515,6.5,50.8,NO
2026-08-26 21:01:40,48.9,25.0,514,6.49,50.8,NO
2026-08-26 21:01:41,48.7,25.0,500,6.5,50.8,NO
2026-08-26 21:01:42,48.4,25.1,487,6.52,50.8,NO
2026-08-26 21:01:43,48.2,25.0,478,6.51,50.8,NO
2026-08-26 21:01:44,47.9,25.0,488,6.52,50.8,NO
2026-08-26 21:01:45,47.7,24.9,500,6.53,50.8,NO
2026-08-26 21:01:46,47.4,24.8,514,6.55,50.8,NO
2026-08-26 21:01:47,47.2,24.8,508,6.55,50.8,NO
2026-08-26 21:01:48,46.9,24.6,493,6.56,50.8,NO
2026-08-26 21:01:49,46.7,24.5,493,6.55,50.8,NO
2026-08-26 21:01:50,46.4,24.6,507,6.56,50.8,NO
2026-08-26 21:01:51,46.2,24.8,514,6.55,50.8,NO
2026-08-26 21:01:52,45.9,24.7,517,6.54,50.8,NO
2026-08-26 21:01:53,45.7,24.8,507,6.56,50.8,NO
2026-08-26 21:01:54,45.4,24.8,492,6.54,50.8,NO
2026-08-26 21:01:55,45.2,24.9,493,6.54,50.8,NO
2026-08-26 21:01:56,44.9,24.8,491,6.52,50.8,NO
2026-08-26 21:01:57,44.7,24.8,482,6.5,50.8,NO
2026-08-26 21:01:58,44.4,24.8,489,6.5,50.8,NO
2026-08-26 21:01:59,44.2,24.7,496,6.5,50.8,NO
2026-08-26 21:02:00,43.9,24.9,505,6.5,50.8,NO
2026-08-26 21:02:01,43.7,24.9,502,6.5,50.8,NO
2026-08-26 21:02:02,43.4,25.1,515,6.51,50.8,NO
2026-08-26 21:02:03,43.2,25.1,501,6.52,50.8,NO
2026-08-26 21:02:04,42.9,25.0,501,6.52,50.8,NO
2026-08-26 21:02:05,42.7,24.9,488,6.51,50.8,NO
2026-08-26 21:02:06,42.4,24.9,492,6.53,50.8,NO
2026-08-26 21:02:07,42.2,25.0,482,6.52,50.8,NO
2026-08-26 21:02:08,41.9,25.0,467,6.53,50.8,NO
2026-08-26 21:02:09,41.7,24.9,480,6.54,50.8,NO
2026-08-26 21:02:10,41.4,24.8,470,6.56,50.8,NO
2026-08-26 21:02:11,41.2,24.8,477,6.54,50.8,NO
2026-08-26 21:02:12,40.9,24.8,477,6.55,50.8,NO
2026-08-26 21:02:13,40.7,25.0,480,6.54,50.8,NO
2026-08-26 21:02:14,40.4,25.1,473,6.53,50.8,NO
2026-08-26 21:02:15,40.2,25.1,458,6.52,50.8,NO
2026-08-26 21:02:16,39.9,25.1,460,6.53,50.8,NO
2026-08-26 21:02:17,39.7,25.0,460,6.52,50.8,NO
2026-08-26 21:02:18,39.4,25.0,457,6.53,50.8,NO
2026-08-26 21:02:19,39.2,25.1,447,6.54,50.8,NO
2026-08-26 21:02:20,38.9,25.2,441,6.54,50.8,NO
2026-08-26 21:02:21,38.7,25.1,443,6.56,50.8,NO
2026-08-26 21:02:22,38.4,25.2,445,6.55,50.8,NO
2026-08-26 21:02:23,38.2,25.2,444,6.55,50.8,NO
2026-08-26 21:02:24,37.9,25.2,430,6.54,50.8,NO
2026-08-26 21:02:25,37.7,25.2,420,6.54,50.8,NO
2026-08-26 21:02:26,37.4,25.1,429,6.56,50.8,NO
2026-08-26 21:02:27,37.2,25.3,420,6.57,50.8,NO
2026-08-26 21:02:28,36.9,25.2,410,6.58,50.8,NO
2026-08-26 21:02:29,36.7,25.3,403,6.58,50.8,NO
2026-08-26 21:02:30,36.4,25.3,402,6.58,50.8,NO
2026-08-26 21:02:31,36.2,25.4,412,6.57,50.8,NO
2026-08-26 21:02:32,35.9,25.5,406,6.56,50.8,NO
2026-08-26 21:02:33,35.7,25.6,393,6.56,50.8,NO
2026-08-26 21:02:34,35.4,25.4,389,6.57,50.8,NO
2026-08-26 21:02:35,35.2,25.3,387,6.59,50.8,NO
2026-08-26 21:02:36,34.9,25.1,377,6.58,50.8,SI
2026-08-26 21:02:37,36.1,25.1,386,6.59,50.2,SI
2026-08-26 21:02:38,37.3,25.2,387,6.58,49.6,SI
2026-08-26 21:02:39,38.5,25.3,372,6.59,49.0,SI
2026-08-26 21:02:40,39.7,25.3,375,6.61,48.4,SI
2026-08-26 21:02:41,40.9,25.4,385,6.6,47.8,SI
2026-08-26 21:02:42,42.1,25.6,389,6.6,47.2,SI
2026-08-26 21:02:43,43.3,25.7,380,6.6,46.6,SI
2026-08-26 21:02:44,44.5,25.8,394,6.6,46.0,SI
2026-08-26 21:02:45,45.7,26.0,381,6.6,45.4,SI
2026-08-26 21:02:46,46.9,25.8,390,6.62,44.8,SI
2026-08-26 21:02:47,48.1,25.9,403,6.62,44.2,SI
2026-08-26 21:02:48,49.3,25.9,389,6.62,43.6,SI
2026-08-26 21:02:49,50.5,25.7,403,6.62,43.0,SI
2026-08-26 21:02:50,51.7,25.5,408,6.6,42.4,SI
2026-08-26 21:02:51,52.9,25.5,415,6.6,41.8,SI
2026-08-26 21:02:52,54.1,25.4,412,6.61,41.2,SI
2026-08-26 21:02:53,55.3,25.3,406,6.63,40.6,SI
2026-08-26 21:02:54,56.5,25.3,405,6.64,40.0,SI
2026-08-26 21:02:55,57.7,25.5,392,6.63,39.4,SI
2026-08-26 21:02:56,58.9,25.4,383,6.63,38.8,SI
2026-08-26 21:02:57,60.1,25.4,370,6.63,38.2,NO
2026-08-26 21:02:58,59.9,25.4,374,6.62,38.2,NO
2026-08-26 21:02:59,59.6,25.2,368,6.61,38.2,NO
2026-08-26 21:03:00,59.4,25.2,378,6.62,38.2,NO
2026-08-26 21:03:01,59.1,25.1,377,6.63,38.2,NO
2026-08-26 21:03:02,58.9,24.9,378,6.64,38.2,NO
2026-08-26 21:03:03,58.6,24.9,370,6.63,38.2,NO
2026-08-26 21:03:04,58.4,24.8,360,6.62,38.2,NO
2026-08-26 21:03:05,58.1,24.7,362,6.61,38.2,NO
2026-08-26 21:03:06,57.9,24.6,363,6.63,38.2,NO
2026-08-26 21:03:07,57.6,24.7,366,6.63,38.2,NO
2026-08-26 21:03:08,57.4,24.6,377,6.63,38.2,NO
2026-08-26 21:03:09,57.1,24.5,370,6.61,38.2,NO
2026-08-26 21:03:10,56.9,24.3,365,6.61,38.2,NO
2026-08-26 21:03:11,56.6,24.4,368,6.61,38.2,NO
2026-08-26 21:03:12,56.4,24.3,365,6.62,38.2,NO
2026-08-26 21:03:13,56.1,24.1,365,6.6,38.2,NO
2026-08-26 21:03:14,55.9,23.9,356,6.6,38.2,NO
2026-08-26 21:03:15,55.6,23.9,347,6.61,38.2,NO
2026-08-26 21:03:16,55.4,23.9,333,6.63,38.2,NO
2026-08-26 21:03:17,55.1,23.8,335,6.63,38.2,NO
2026-08-26 21:03:18,54.9,23.9,321,6.62,38.2,NO
2026-08-26 21:03:19,54.6,23.7,322,6.64,38.2,NO
2026-08-26 21:03:20,54.4,23.7,335,6.66,38.2,NO
2026-08-26 21:03:21,54.1,23.7,324,6.67,38.2,NO
2026-08-26 21:03:22,53.9,23.7,324,6.68,38.2,NO
2026-08-26 21:03:23,53.6,23.7,320,6.68,38.2,NO
2026-08-26 21:03:24,53.4,23.8,309,6.7,38.2,NO
2026-08-26 21:03:25,53.1,23.6,304,6.69,38.2,NO
2026-08-26 21:03:26,52.9,23.7,304,6.68,38.2,NO
2026-08-26 21:03:27,52.6,23.7,309,6.68,38.2,NO
2026-08-26 21:03:28,52.4,23.7,309,6.7,38.2,NO
2026-08-26 21:03:29,52.1,23.6,318,6.71,38.2,NO
2026-08-26 21:03:30,51.9,23.7,325,6.71,38.2,NO
2026-08-26 21:03:31,51.6,23.7,318,6.69,38.2,NO
2026-08-26 21:03:32,51.4,23.8,316,6.67,38.2,NO
2026-08-26 21:03:33,51.1,23.6,331,6.67,38.2,NO
2026-08-26 21:03:34,50.9,23.5,342,6.66,38.2,NO
2026-08-26 21:03:35,50.6,23.3,333,6.67,38.2,NO
2026-08-26 21:03:36,50.4,23.1,342,6.67,38.2,NO
2026-08-26 21:03:37,50.1,23.2,330,6.68,38.2,NO
2026-08-26 21:03:38,49.9,23.4,338,6.69,38.2,NO
2026-08-26 21:03:39,49.6,23.2,333,6.7,38.2,NO
2026-08-26 21:03:40,49.4,23.1,346,6.72,38.2,NO
2026-08-26 21:03:41,49.1,23.0,341,6.72,38.2,NO
2026-08-26 21:03:42,48.9,23.0,349,6.73,38.2,NO
2026-08-26 21:03:43,48.6,22.8,334,6.74,38.2,NO
2026-08-26 21:03:44,48.4,23.0,325,6.76,38.2,NO
2026-08-26 21:03:45,48.1,23.0,338,6.77,38.2,NO
2026-08-26 21:03:46,47.9,23.0,323,6.78,38.2,NO
2026-08-26 21:03:47,47.6,23.0,329,6.79,38.2,NO
2026-08-26 21:03:48,47.4,23.1,328,6.78,38.2,NO
2026-08-26 21:03:49,47.1,22.9,330,6.77,38.2,NO
2026-08-26 21:03:50,46.9,22.9,336,6.77,38.2,NO
2026-08-26 21:03:51,46.6,22.8,334,6.78,38.2,NO
2026-08-26 21:03:52,46.4,22.8,334,6.79,38.2,NO
2026-08-26 21:03:53,46.1,22.8,325,6.78,38.2,NO
2026-08-26 21:03:54,45.9,22.8,313,6.78,38.2,NO
2026-08-26 21:03:55,45.6,22.9,310,6.78,38.2,NO
2026-08-26 21:03:56,45.4,23.0,313,6.78,38.2,NO
2026-08-26 21:03:57,45.1,23.0,307,6.79,38.2,NO
2026-08-26 21:03:58,44.9,22.8,321,6.77,38.2,NO
2026-08-26 21:03:59,44.6,23.0,320,6.77,38.2,NO
2026-08-26 21:04:00,44.4,22.9,309,6.79,38.2,NO
2026-08-26 21:04:01,44.1,22.9,298,6.8,38.2,NO
2026-08-26 21:04:02,43.9,22.7,294,6.79,38.2,NO
2026-08-26 21:04:03,43.6,22.8,287,6.79,38.2,NO
2026-08-26 21:04:04,43.4,22.9,285,6.81,38.2,NO
2026-08-26 21:04:05,43.1,23.0,300,6.82,38.2,NO
2026-08-26 21:04:06,42.9,23.1,304,6.84,38.2,NO
2026-08-26 21:04:07,42.6,23.3,295,6.84,38.2,NO
2026-08-26 21:04:08,42.4,23.2,285,6.83,38.2,NO
2026-08-26 21:04:09,42.1,23.3,289,6.84,38.2,NO
2026-08-26 21:04:10,41.9,23.1,282,6.83,38.2,NO
2026-08-26 21:04:11,41.6,23.1,285,6.83,38.2,NO
2026-08-26 21:04:12,41.4,23.2,278,6.85,38.2,NO
2026-08-26 21:04:13,41.1,23.1,277,6.85,38.2,NO
2026-08-26 21:04:14,40.9,23.0,266,6.87,38.2,NO
2026-08-26 21:04:15,40.6,23.0,252,6.87,38.2,NO
2026-08-26 21:04:16,40.4,22.9,244,6.85,38.2,NO
2026-08-26 21:04:17,40.1,23.1,248,6.86,38.2,NO
2026-08-26 21:04:18,39.9,23.0,257,6.86,38.2,NO
2026-08-26 21:04:19,39.6,23.0,262,6.88,38.2,NO
2026-08-26 21:04:20,39.4,23.0,272,6.88,38.2,NO
2026-08-26 21:04:21,39.1,22.9,264,6.89,38.2,NO
2026-08-26 21:04:22,38.9,22.9,274,6.9,38.2,NO
2026-08-26 21:04:23,38.6,23.0,274,6.91,38.2,NO
2026-08-26 21:04:24,38.4,22.9,264,6.89,38.2,NO
2026-08-26 21:04:25,38.1,22.7,263,6.9,38.2,NO
2026-08-26 21:04:26,37.9,22.5,259,6.92,38.2,NO
2026-08-26 21:04:27,37.6,22.7,260,6.94,38.2,NO
2026-08-26 21:04:28,37.4,22.6,269,6.94,38.2,NO
2026-08-26 21:04:29,37.1,22.5,275,6.93,38.2,NO
2026-08-26 21:04:30,36.9,22.6,262,6.95,38.2,NO
2026-08-26 21:04:31,36.6,22.7,253,6.93,38.2,NO
2026-08-26 21:04:32,36.4,22.7,240,6.93,38.2,NO
2026-08-26 21:04:33,36.1,22.8,226,6.92,38.2,NO
2026-08-26 21:04:34,35.9,22.7,234,6.91,38.2,NO
2026-08-26 21:04:35,35.6,22.6,242,6.9,38.2,NO
2026-08-26 21:04:36,35.4,22.6,241,6.88,38.2,NO
2026-08-26 21:04:37,35.1,22.6,254,6.9,38.2,NO
2026-08-26 21:04:38,34.9,22.5,242,6.88,38.2,SI
2026-08-26 21:04:39,36.1,22.3,236,6.88,37.6,SI
2026-08-26 21:04:40,37.3,22.4,246,6.87,37.0,SI
2026-08-26 21:04:41,38.5,22.6,245,6.85,36.4,SI
2026-08-26 21:04:42,39.7,22.6,247,6.83,35.8,SI
2026-08-26 21:04:43,40.9,22.7,247,6.83,35.2,SI
2026-08-26 21:04:44,42.1,22.5,256,6.82,34.6,SI
2026-08-26 21:04:45,43.3,22.6,246,6.82,34.0,SI
2026-08-26 21:04:46,44.5,22.6,256,6.82,33.4,SI
2026-08-26 21:04:47,45.7,22.7,247,6.8,32.8,SI
2026-08-26 21:04:48,46.9,22.8,244,6.79,32.2,SI
2026-08-26 21:04:49,48.1,22.9,249,6.78,31.6,SI
2026-08-26 21:04:50,49.3,23.0,236,6.77,31.0,SI
2026-08-26 21:04:51,50.5,23.0,236,6.76,30.4,SI
2026-08-26 21:04:52,51.7,22.9,250,6.76,29.8,SI
2026-08-26 21:04:53,52.9,23.0,261,6.76,29.2,SI
2026-08-26 21:04:54,54.1,23.1,248,6.75,28.6,SI
2026-08-26 21:04:55,55.3,23.0,262,6.75,28.0,SI
2026-08-26 21:04:56,56.5,23.0,257,6.75,27.4,SI
2026-08-26 21:04:57,57.7,22.9,247,6.76,26.8,SI
2026-08-26 21:04:58,58.9,22.7,242,6.76,26.2,SI
2026-08-26 21:04:59,60.1,22.8,247,6.74,25.6,NO
2026-08-26 21:05:00,59.8,22.9,259,6.74,25.6,NO
2026-08-26 21:05:01,59.6,23.0,262,6.75,25.6,NO
2026-08-26 21:05:02,59.3,22.8,264,6.74,25.6,NO
2026-08-26 21:05:03,59.1,22.6,271,6.74,25.6,NO
2026-08-26 21:05:04,58.8,22.8,285,6.76,25.6,NO
2026-08-26 21:05:05,58.6,22.8,286,6.76,25.6,NO
2026-08-26 21:05:06,58.3,22.8,290,6.76,25.6,NO
2026-08-26 21:05:07,58.1,22.7,279,6.77,25.6,NO
2026-08-26 21:05:08,57.8,22.9,272,6.77,25.6,NO
2026-08-26 21:05:09,57.6,23.0,269,6.76,25.6,NO
2026-08-26 21:05:10,57.3,23.1,256,6.75,25.6,NO
2026-08-26 21:05:11,57.1,23.0,266,6.74,25.6,NO
2026-08-26 21:05:12,56.8,22.9,253,6.75,25.6,NO
2026-08-26 21:05:13,56.6,22.9,257,6.74,25.6,NO
2026-08-26 21:05:14,56.3,22.8,246,6.74,25.6,NO
2026-08-26 21:05:15,56.1,22.8,250,6.74,25.6,NO
2026-08-26 21:05:16,55.8,22.9,257,6.75,25.6,NO
2026-08-26 21:05:17,55.6,22.8,246,6.77,25.6,NO
2026-08-26 21:05:18,55.3,22.8,242,6.77,25.6,NO
2026-08-26 21:05:19,55.1,22.8,243,6.79,25.6,NO
2026-08-26 21:05:20,54.8,22.9,253,6.8,25.6,NO
2026-08-26 21:05:21,54.6,23.0,244,6.8,25.6,NO
2026-08-26 21:05:22,54.3,22.9,232,6.79,25.6,NO
2026-08-26 21:05:23,54.1,22.9,243,6.78,25.6,NO
2026-08-26 21:05:24,53.8,23.0,258,6.78,25.6,NO
2026-08-26 21:05:25,53.6,23.0,272,6.78,25.6,NO
2026-08-26 21:05:26,53.3,22.9,272,6.78,25.6,NO
2026-08-26 21:05:27,53.1,22.9,275,6.77,25.6,NO
2026-08-26 21:05:28,52.8,22.9,284,6.77,25.6,NO
2026-08-26 21:05:29,52.6,22.7,289,6.78,25.6,NO
2026-08-26 21:05:30,52.3,22.6,283,6.79,25.6,NO
2026-08-26 21:05:31,52.1,22.8,286,6.79,25.6,NO
2026-08-26 21:05:32,51.8,22.9,281,6.81,25.6,NO
2026-08-26 21:05:33,51.6,23.1,283,6.79,25.6,NO
2026-08-26 21:05:34,51.3,23.0,284,6.8,25.6,NO
2026-08-26 21:05:35,51.1,22.8,294,6.78,25.6,NO
2026-08-26 21:05:36,50.8,22.8,289,6.77,25.6,NO
2026-08-26 21:05:37,50.6,22.9,283,6.75,25.6,NO
2026-08-26 21:05:38,50.3,22.8,269,6.77,25.6,NO
2026-08-26 21:05:39,50.1,22.8,264,6.77,25.6,NO
2026-08-26 21:05:40,49.8,22.9,279,6.76,25.6,NO
2026-08-26 21:05:41,49.6,22.9,278,6.77,25.6,NO
2026-08-26 21:05:42,49.3,22.9,290,6.76,25.6,NO
2026-08-26 21:05:43,49.1,23.0,283,6.77,25.6,NO
2026-08-26 21:05:44,48.8,23.2,286,6.77,25.6,NO
2026-08-26 21:05:45,48.6,23.1,295,6.76,25.6,NO
2026-08-26 21:05:46,48.3,23.1,293,6.77,25.6,NO
2026-08-26 21:05:47,48.1,23.3,284,6.77,25.6,NO
2026-08-26 21:05:48,47.8,23.1,273,6.78,25.6,NO
2026-08-26 21:05:49,47.6,23.0,285,6.79,25.6,NO
2026-08-26 21:05:50,47.3,23.0,299,6.78,25.6,NO
2026-08-26 21:05:51,47.1,23.0,295,6.76,25.6,NO
2026-08-26 21:05:52,46.8,22.9,295,6.74,25.6,NO
2026-08-26 21:05:53,46.6,23.0,293,6.76,25.6,NO
2026-08-26 21:05:54,46.3,22.9,307,6.76,25.6,NO
2026-08-26 21:05:55,46.1,22.8,296,6.75,25.6,NO
2026-08-26 21:05:56,45.8,22.6,304,6.73,25.6,NO
2026-08-26 21:05:57,45.6,22.7,291,6.75,25.6,NO
2026-08-26 21:05:59,45.3,22.8,292,6.75,25.6,NO
2026-08-26 21:06:00,45.1,23.0,286,6.76,25.6,NO
2026-08-26 21:06:01,44.8,23.2,296,6.77,25.6,NO
2026-08-26 21:06:02,44.6,23.3,284,6.76,25.6,NO
2026-08-26 21:06:03,44.3,23.4,284,6.77,25.6,NO
2026-08-26 21:06:04,44.1,23.6,279,6.77,25.6,NO
2026-08-26 21:06:05,43.8,23.4,294,6.77,25.6,NO
2026-08-26 21:06:06,43.6,23.6,308,6.76,25.6,NO
2026-08-26 21:06:07,43.3,23.6,300,6.76,25.6,NO
2026-08-26 21:06:08,43.1,23.7,306,6.74,25.6,NO
2026-08-26 21:06:09,42.8,23.6,306,6.73,25.6,NO
2026-08-26 21:06:10,42.6,23.7,304,6.73,25.6,NO
2026-08-26 21:06:11,42.3,23.6,303,6.75,25.6,NO
2026-08-26 21:06:12,42.1,23.5,312,6.74,25.6,NO
2026-08-26 21:06:13,41.8,23.4,298,6.76,25.6,NO
2026-08-26 21:06:14,41.6,23.4,308,6.76,25.6,NO
2026-08-26 21:06:15,41.3,23.5,301,6.74,25.6,NO
2026-08-26 21:06:16,41.1,23.4,290,6.75,25.6,NO
2026-08-26 21:06:17,40.8,23.4,278,6.73,25.6,NO
2026-08-26 21:06:18,40.6,23.3,289,6.73,25.6,NO
2026-08-26 21:06:19,40.3,23.4,303,6.75,25.6,NO
2026-08-26 21:06:20,40.1,23.4,309,6.75,25.6,NO
2026-08-26 21:06:21,39.8,23.5,301,6.74,25.6,NO
2026-08-26 21:06:22,39.6,23.6,315,6.75,25.6,NO
2026-08-26 21:06:23,39.3,23.7,325,6.76,25.6,NO
2026-08-26 21:06:24,39.1,23.5,312,6.78,25.6,NO
2026-08-26 21:06:25,38.8,23.4,317,6.77,25.6,NO
2026-08-26 21:06:26,38.6,23.5,325,6.77,25.6,NO
2026-08-26 21:06:27,38.3,23.5,327,6.78,25.6,NO
2026-08-26 21:06:28,38.1,23.4,338,6.78,25.6,NO
2026-08-26 21:06:29,37.8,23.3,347,6.77,25.6,NO
2026-08-26 21:06:30,37.6,23.4,346,6.75,25.6,NO
2026-08-26 21:06:31,37.3,23.6,336,6.74,25.6,NO
2026-08-26 21:06:32,37.1,23.8,326,6.72,25.6,NO
2026-08-26 21:06:33,36.8,23.8,332,6.74,25.6,NO
2026-08-26 21:06:34,36.6,23.8,346,6.73,25.6,NO
2026-08-26 21:06:35,36.3,24.0,338,6.71,25.6,NO
2026-08-26 21:06:36,36.1,23.8,348,6.7,25.6,NO
2026-08-26 21:06:37,35.8,23.9,351,6.71,25.6,NO
2026-08-26 21:06:38,35.6,23.8,344,6.7,25.6,NO
2026-08-26 21:06:39,35.3,23.8,345,6.69,25.6,NO
2026-08-26 21:06:40,35.1,23.9,354,6.69,25.6,NO
2026-08-26 21:06:41,34.8,24.1,341,6.67,25.6,SI
2026-08-26 21:06:42,36.0,24.2,336,6.68,25.0,SI
2026-08-26 21:06:43,37.2,24.3,321,6.67,24.4,SI
2026-08-26 21:06:44,38.4,24.5,308,6.68,23.8,SI
2026-08-26 21:06:45,39.6,24.4,299,6.69,23.2,SI
2026-08-26 21:06:46,40.8,24.3,284,6.7,22.6,SI
2026-08-26 21:06:47,42.0,24.4,297,6.71,22.0,SI
2026-08-26 21:06:48,43.2,24.3,287,6.72,21.4,SI
2026-08-26 21:06:49,44.4,24.5,275,6.7,20.8,SI
2026-08-26 21:06:50,45.6,24.4,288,6.7,20.2,SI
2026-08-26 21:06:51,46.8,24.4,284,6.7,19.6,SI
2026-08-26 21:06:52,48.0,24.3,299,6.69,19.0,SI
2026-08-26 21:06:53,49.2,24.4,311,6.67,18.4,SI
2026-08-26 21:06:54,50.4,24.4,297,6.66,17.8,SI
2026-08-26 21:06:55,51.6,24.5,286,6.66,17.2,SI
2026-08-26 21:06:56,52.8,24.3,286,6.67,16.6,SI
2026-08-26 21:06:57,54.0,24.3,295,6.69,16.0,SI
2026-08-26 21:06:58,55.2,24.3,291,6.71,15.4,SI
2026-08-26 21:06:59,56.4,24.4,284,6.72,14.8,SI
2026-08-26 21:07:00,57.6,24.5,292,6.7,14.2,SI
2026-08-26 21:07:01,58.8,24.4,293,6.7,13.6,SI
2026-08-26 21:07:02,60.0,24.6,297,6.71,13.0,NO
2026-08-26 21:07:03,59.8,24.6,292,6.73,13.0,NO
2026-08-26 21:07:04,59.5,24.6,307,6.71,13.0,NO
2026-08-26 21:07:05,59.3,24.7,302,6.71,13.0,NO
2026-08-26 21:07:06,59.0,24.7,302,6.73,13.0,NO
2026-08-26 21:07:07,58.8,24.7,304,6.72,13.0,NO
2026-08-26 21:07:08,58.5,24.7,299,6.71,13.0,NO
2026-08-26 21:07:09,58.3,24.5,307,6.71,13.0,NO
2026-08-26 21:07:10,58.0,24.6,314,6.72,13.0,NO
2026-08-26 21:07:11,57.8,24.5,317,6.7,13.0,NO
2026-08-26 21:07:12,57.5,24.5,323,6.68,13.0,NO
2026-08-26 21:07:13,57.3,24.5,334,6.69,13.0,NO
2026-08-26 21:07:14,57.0,24.6,331,6.67,13.0,NO
2026-08-26 21:07:15,56.8,24.7,332,6.69,13.0,NO
2026-08-26 21:07:16,56.5,24.6,346,6.69,13.0,NO
2026-08-26 21:07:17,56.3,24.4,345,6.68,13.0,NO
2026-08-26 21:07:18,56.0,24.6,330,6.66,13.0,NO
2026-08-26 21:07:19,55.8,24.5,337,6.65,13.0,NO
2026-08-26 21:07:20,55.5,24.5,335,6.64,13.0,NO
2026-08-26 21:07:21,55.3,24.7,320,6.63,13.0,NO
2026-08-26 21:07:22,55.0,24.8,327,6.64,13.0,NO
2026-08-26 21:07:23,54.8,25.0,313,6.63,13.0,NO
2026-08-26 21:07:24,54.5,25.0,324,6.65,13.0,NO
2026-08-26 21:07:25,54.3,25.2,323,6.67,13.0,NO
2026-08-26 21:07:26,54.0,25.3,326,6.66,13.0,NO
2026-08-26 21:07:27,53.8,25.4,323,6.67,13.0,NO
2026-08-26 21:07:28,53.5,25.6,331,6.65,13.0,NO
2026-08-26 21:07:29,53.3,25.7,346,6.65,13.0,NO
2026-08-26 21:07:30,53.0,25.8,353,6.65,13.0,NO
2026-08-26 21:07:31,52.8,25.6,339,6.64,13.0,NO
2026-08-26 21:07:32,52.5,25.4,330,6.64,13.0,NO
2026-08-26 21:07:33,52.3,25.5,340,6.66,13.0,NO
2026-08-26 21:07:34,52.0,25.3,339,6.64,13.0,NO
2026-08-26 21:07:35,51.8,25.5,354,6.66,13.0,NO
2026-08-26 21:07:36,51.5,25.3,342,6.66,13.0,NO
2026-08-26 21:07:37,51.3,25.4,339,6.65,13.0,NO
2026-08-26 21:07:38,51.0,25.4,347,6.65,13.0,NO
2026-08-26 21:07:39,50.8,25.5,355,6.67,13.0,NO
2026-08-26 21:07:40,50.5,25.6,364,6.66,13.0,NO
2026-08-26 21:07:41,50.3,25.7,354,6.65,13.0,NO
2026-08-26 21:07:42,50.0,25.5,352,6.63,13.0,NO
2026-08-26 21:07:43,49.8,25.3,364,6.62,13.0,NO
2026-08-26 21:07:44,49.5,25.2,379,6.6,13.0,NO
2026-08-26 21:07:45,49.3,25.2,382,6.61,13.0,NO
2026-08-26 21:07:46,49.0,25.1,380,6.6,13.0,NO
2026-08-26 21:07:47,48.8,25.1,394,6.58,13.0,NO
2026-08-26 21:07:48,48.5,25.3,389,6.59,13.0,NO
2026-08-26 21:07:49,48.3,25.3,377,6.57,13.0,NO
2026-08-26 21:07:50,48.0,25.4,374,6.59,13.0,NO
2026-08-26 21:07:51,47.8,25.3,389,6.59,13.0,NO
2026-08-26 21:07:52,47.5,25.3,400,6.59,13.0,NO
2026-08-26 21:07:53,47.3,25.2,414,6.57,13.0,NO
2026-08-26 21:07:54,47.0,25.4,403,6.56,13.0,NO
2026-08-26 21:07:55,46.8,25.6,412,6.56,13.0,NO
2026-08-26 21:07:56,46.5,25.6,402,6.56,13.0,NO
2026-08-26 21:07:57,46.3,25.6,402,6.58,13.0,NO
2026-08-26 21:07:58,46.0,25.8,399,6.59,13.0,NO
2026-08-26 21:07:59,45.8,25.9,410,6.6,13.0,NO
2026-08-26 21:08:00,45.5,25.8,405,6.6,13.0,NO
2026-08-26 21:08:01,45.3,25.7,416,6.61,13.0,NO
2026-08-26 21:08:02,45.0,25.5,401,6.59,13.0,NO
2026-08-26 21:08:03,44.8,25.6,409,6.58,13.0,NO
2026-08-26 21:08:04,44.5,25.6,415,6.57,13.0,NO
2026-08-26 21:08:05,44.3,25.7,430,6.57,13.0,NO
2026-08-26 21:08:06,44.0,25.6,439,6.58,13.0,NO
2026-08-26 21:08:07,43.8,25.7,443,6.59,13.0,NO
2026-08-26 21:08:08,43.5,25.9,429,6.6,13.0,NO
2026-08-26 21:08:09,43.3,26.1,415,6.61,13.0,NO
2026-08-26 21:08:10,43.0,26.1,418,6.62,13.0,NO
2026-08-26 21:08:11,42.8,26.1,427,6.62,13.0,NO
2026-08-26 21:08:12,42.5,26.0,417,6.63,13.0,NO
2026-08-26 21:08:13,42.3,26.2,431,6.63,13.0,NO
2026-08-26 21:08:14,42.0,26.1,417,6.64,13.0,NO
2026-08-26 21:08:15,41.8,26.2,410,6.65,13.0,NO
2026-08-26 21:08:16,41.5,26.3,399,6.65,13.0,NO
2026-08-26 21:08:17,41.3,26.2,389,6.63,13.0,NO
2026-08-26 21:08:18,41.0,26.0,400,6.65,13.0,NO
2026-08-26 21:08:19,40.8,25.9,402,6.64,13.0,NO
2026-08-26 21:08:20,40.5,26.1,409,6.63,13.0,NO
2026-08-26 21:08:21,40.3,26.0,404,6.63,13.0,NO
2026-08-26 21:08:22,40.0,26.0,404,6.63,13.0,NO
2026-08-26 21:08:23,39.8,25.9,418,6.64,13.0,NO
2026-08-26 21:08:24,39.5,26.0,411,6.65,13.0,NO
2026-08-26 21:08:25,39.3,26.1,405,6.67,13.0,NO
2026-08-26 21:08:26,39.0,26.3,405,6.68,13.0,NO
2026-08-26 21:08:27,38.8,26.2,392,6.7,13.0,NO
2026-08-26 21:08:28,38.5,26.4,396,6.69,13.0,NO
2026-08-26 21:08:29,38.3,26.4,407,6.69,13.0,NO
2026-08-26 21:08:30,38.0,26.6,416,6.68,13.0,NO
2026-08-26 21:08:31,37.8,26.5,409,6.67,13.0,NO
2026-08-26 21:08:32,37.5,26.6,409,6.68,13.0,NO
2026-08-26 21:08:33,37.3,26.8,416,6.69,13.0,NO
2026-08-26 21:08:34,37.0,26.8,423,6.68,13.0,NO
2026-08-26 21:08:35,36.8,27.0,438,6.67,13.0,NO
2026-08-26 21:08:36,36.5,27.1,429,6.67,13.0,NO
2026-08-26 21:08:37,36.3,27.3,439,6.69,13.0,NO
2026-08-26 21:08:38,36.0,27.2,429,6.71,13.0,NO
2026-08-26 21:08:39,35.8,27.2,441,6.7,13.0,NO
2026-08-26 21:08:40,35.5,27.0,449,6.7,13.0,NO
2026-08-26 21:08:41,35.3,27.1,443,6.69,13.0,NO
2026-08-26 21:08:42,35.0,27.2,436,6.68,13.0,NO
2026-08-26 21:08:43,34.8,27.3,439,6.67,13.0,SI
2026-08-26 21:08:44,36.0,27.4,447,6.65,12.4,SI
2026-08-26 21:08:45,37.2,27.3,433,6.67,11.8,SI
2026-08-26 21:08:46,38.4,27.3,432,6.65,11.2,SI
2026-08-26 21:08:47,39.6,27.2,441,6.63,10.6,SI
2026-08-26 21:08:48,40.8,27.2,429,6.64,10.0,SI
2026-08-26 21:08:49,42.0,27.0,439,6.62,9.4,SI
2026-08-26 21:08:50,43.2,27.2,425,6.63,8.8,SI
2026-08-26 21:08:51,44.4,27.2,426,6.65,8.2,SI
2026-08-26 21:08:52,45.6,27.3,421,6.66,7.6,SI
2026-08-26 21:08:53,46.8,27.2,406,6.64,7.0,SI
2026-08-26 21:08:54,48.0,27.3,417,6.64,6.4,SI
2026-08-26 21:08:55,49.2,27.1,429,6.65,5.8,SI
2026-08-26 21:08:56,50.4,27.2,433,6.65,5.2,SI
2026-08-26 21:08:57,51.6,27.3,443,6.65,4.6,SI
2026-08-26 21:08:58,52.8,27.4,431,6.65,4.0,SI
2026-08-26 21:08:59,54.0,27.3,425,6.64,3.4,SI
2026-08-26 21:09:00,55.2,27.4,431,6.64,2.8,SI
2026-08-26 21:09:01,56.4,27.4,419,6.62,2.2,SI
2026-08-26 21:09:02,57.6,27.4,423,6.63,1.6,SI
2026-08-26 21:09:03,58.8,27.4,435,6.62,1.0,SI
2026-08-26 21:09:04,60.0,27.3,435,6.62,0.4,SI
2026-08-26 21:09:05,61.2,27.3,442,6.62,0.0,NO
2026-08-26 21:09:06,60.9,27.2,440,6.64,0.0,NO
2026-08-26 21:09:07,60.7,27.2,430,6.62,0.0,NO
2026-08-26 21:09:08,60.4,27.4,426,6.62,0.0,NO
2026-08-26 21:09:09,60.2,27.4,425,6.62,0.0,NO
2026-08-26 21:09:10,59.9,27.3,412,6.63,0.0,NO
2026-08-26 21:09:11,59.7,27.3,410,6.62,0.0,NO
2026-08-26 21:09:12,59.4,27.4,423,6.61,0.0,NO
2026-08-26 21:09:13,59.2,27.5,436,6.6,0.0,NO
2026-08-26 21:09:14,58.9,27.3,421,6.59,0.0,NO
2026-08-26 21:09:15,58.7,27.3,435,6.59,0.0,NO
2026-08-26 21:09:16,58.4,27.3,432,6.59,0.0,NO
2026-08-26 21:09:17,58.2,27.3,437,6.6,0.0,NO
2026-08-26 21:09:18,57.9,27.3,430,6.58,0.0,NO
2026-08-26 21:09:19,57.7,27.5,423,6.6,0.0,NO
2026-08-26 21:09:20,57.4,27.3,425,6.59,0.0,NO
2026-08-26 21:09:21,57.2,27.2,424,6.59,0.0,NO
2026-08-26 21:09:22,56.9,27.2,415,6.58,0.0,NO
2026-08-26 21:09:23,56.7,27.1,401,6.57,0.0,NO
2026-08-26 21:09:24,56.4,27.2,399,6.55,0.0,NO
2026-08-26 21:09:25,56.2,27.2,385,6.56,0.0,NO
2026-08-26 21:09:26,55.9,27.2,396,6.58,0.0,NO
2026-08-26 21:09:27,55.7,27.0,396,6.57,0.0,NO
2026-08-26 21:09:28,55.4,27.1,392,6.56,0.0,NO
2026-08-26 21:09:29,55.2,27.2,405,6.55,0.0,NO
2026-08-26 21:09:30,54.9,27.0,404,6.55,0.0,NO
2026-08-26 21:09:31,54.7,27.0,419,6.54,0.0,NO
2026-08-26 21:09:32,54.4,26.9,427,6.56,0.0,NO
2026-08-26 21:09:33,54.2,26.7,412,6.56,0.0,NO
2026-08-26 21:09:34,53.9,26.7,400,6.56,0.0,NO
2026-08-26 21:09:35,53.7,26.9,409,6.55,0.0,NO
2026-08-26 21:09:36,53.4,26.8,412,6.56,0.0,NO
2026-08-26 21:09:37,53.2,26.8,398,6.58,0.0,NO
2026-08-26 21:09:38,52.9,26.8,383,6.6,0.0,NO
2026-08-26 21:09:39,52.7,26.7,382,6.62,0.0,NO
2026-08-26 21:09:40,52.4,26.6,375,6.63,0.0,NO
2026-08-26 21:09:41,52.2,26.5,386,6.64,0.0,NO
2026-08-26 21:09:42,51.9,26.6,397,6.65,0.0,NO
2026-08-26 21:09:43,51.7,26.8,394,6.64,0.0,NO
2026-08-26 21:09:44,51.4,26.7,399,6.63,0.0,NO
2026-08-26 21:09:45,51.2,26.8,398,6.65,0.0,NO
2026-08-26 21:09:46,50.9,26.9,403,6.64,0.0,NO
2026-08-26 21:09:47,50.7,26.7,403,6.65,0.0,NO
2026-08-26 21:09:48,50.4,26.6,403,6.65,0.0,NO
2026-08-26 21:09:49,50.2,26.8,404,6.64,0.0,NO
2026-08-26 21:09:50,49.9,26.6,390,6.64,0.0,NO
2026-08-26 21:09:51,49.7,26.7,394,6.65,0.0,NO
2026-08-26 21:09:52,49.4,26.5,407,6.63,0.0,NO
2026-08-26 21:09:53,49.2,26.6,408,6.63,0.0,NO
2026-08-26 21:09:54,48.9,26.7,421,6.65,0.0,NO
2026-08-26 21:09:55,48.7,26.8,422,6.63,0.0,NO
2026-08-26 21:09:56,48.4,26.7,435,6.63,0.0,NO
2026-08-26 21:09:57,48.2,26.6,443,6.64,0.0,NO
2026-08-26 21:09:58,47.9,26.5,453,6.66,0.0,NO
2026-08-26 21:09:59,47.7,26.3,450,6.65,0.0,NO
2026-08-26 21:10:00,47.4,26.3,463,6.64,0.0,NO
2026-08-26 21:10:01,47.2,26.2,465,6.63,0.0,NO
2026-08-26 21:10:02,46.9,26.1,468,6.62,0.0,NO
2026-08-26 21:10:03,46.7,26.0,482,6.62,0.0,NO
2026-08-26 21:10:04,46.4,25.9,480,6.63,0.0,NO
2026-08-26 21:10:05,46.2,25.9,493,6.64,0.0,NO
2026-08-26 21:10:06,45.9,25.8,498,6.63,0.0,NO
2026-08-26 21:10:07,45.7,25.7,487,6.63,0.0,NO
2026-08-26 21:10:08,45.4,25.8,500,6.62,0.0,NO
2026-08-26 21:10:09,45.2,25.8,507,6.61,0.0,NO
2026-08-26 21:10:10,44.9,26.0,518,6.6,0.0,NO
2026-08-26 21:10:11,44.7,25.9,529,6.61,0.0,NO
2026-08-26 21:10:12,44.4,26.0,516,6.62,0.0,NO
2026-08-26 21:10:13,44.2,25.9,526,6.6,0.0,NO
2026-08-26 21:10:14,43.9,25.8,528,6.61,0.0,NO
2026-08-26 21:10:15,43.7,25.6,517,6.61,0.0,NO
2026-08-26 21:10:16,43.4,25.5,510,6.6,0.0,NO
2026-08-26 21:10:17,43.2,25.6,525,6.62,0.0,NO
2026-08-26 21:10:18,42.9,25.4,522,6.6,0.0,NO
2026-08-26 21:10:19,42.7,25.5,523,6.61,0.0,NO
2026-08-26 21:10:20,42.4,25.3,528,6.61,0.0,NO
2026-08-26 21:10:21,42.2,25.4,531,6.61,0.0,NO
2026-08-26 21:10:22,41.9,25.3,542,6.61,0.0,NO
2026-08-26 21:10:23,41.7,25.4,529,6.6,0.0,NO
2026-08-26 21:10:24,41.4,25.3,532,6.61,0.0,NO
2026-08-26 21:10:25,41.2,25.2,532,6.6,0.0,NO
2026-08-26 21:10:26,40.9,25.3,537,6.6,0.0,NO
2026-08-26 21:10:27,40.7,25.5,535,6.6,0.0,NO
2026-08-26 21:10:28,40.4,25.6,539,6.61,0.0,NO
2026-08-26 21:10:29,40.2,25.4,529,6.61,0.0,NO
2026-08-26 21:10:30,39.9,25.4,521,6.61,0.0,NO
2026-08-26 21:10:31,39.7,25.3,518,6.6,0.0,NO
2026-08-26 21:10:32,39.4,25.3,503,6.61,0.0,NO
2026-08-26 21:10:33,39.2,25.2,493,6.62,0.0,NO
2026-08-26 21:10:34,38.9,25.4,480,6.62,0.0,NO
2026-08-26 21:10:35,38.7,25.4,483,6.6,0.0,NO
2026-08-26 21:10:36,38.4,25.4,495,6.62,0.0,NO
2026-08-26 21:10:37,38.2,25.6,498,6.62,0.0,NO
2026-08-26 21:10:38,37.9,25.7,502,6.61,0.0,NO
2026-08-26 21:10:39,37.7,25.9,494,6.6,0.0,NO
2026-08-26 21:10:40,37.4,25.7,509,6.6,0.0,NO
2026-08-26 21:10:41,37.2,25.8,509,6.6,0.0,NO
2026-08-26 21:10:42,36.9,25.8,504,6.59,0.0,NO
2026-08-26 21:10:43,36.7,25.8,503,6.59,0.0,NO
2026-08-26 21:10:44,36.4,25.6,491,6.6,0.0,NO
2026-08-26 21:10:45,36.2,25.4,481,6.61,0.0,NO
2026-08-26 21:10:46,35.9,25.6,467,6.62,0.0,NO
2026-08-26 21:10:47,35.7,25.6,472,6.62,0.0,NO
2026-08-26 21:10:48,35.4,25.7,464,6.62,0.0,NO
2026-08-26 21:10:49,35.2,25.7,470,6.62,0.0,NO
2026-08-26 21:10:50,34.9,25.6,471,6.61,0.0,NO
2026-08-26 21:10:51,34.7,25.7,467,6.59,0.0,NO
2026-08-26 21:10:52,34.4,25.6,479,6.59,0.0,NO
2026-08-26 21:10:53,34.2,25.8,494,6.57,0.0,NO
2026-08-26 21:10:54,33.9,25.7,499,6.58,0.0,NO
2026-08-26 21:10:55,33.7,25.5,509,6.58,0.0,NO
2026-08-26 21:10:56,33.4,25.6,509,6.59,0.0,NO
2026-08-26 21:10:57,33.2,25.5,500,6.6,0.0,NO
2026-08-26 21:10:58,32.9,25.3,513,6.62,0.0,NO
2026-08-26 21:10:59,32.7,25.2,509,6.63,0.0,NO
2026-08-26 21:11:00,32.4,25.1,500,6.63,0.0,NO
2026-08-26 21:11:01,32.2,25.2,492,6.61,0.0,NO
2026-08-26 21:11:02,31.9,25.2,492,6.61,0.0,NO
2026-08-26 21:11:03,31.7,25.0,480,6.61,0.0,NO
2026-08-26 21:11:04,31.4,25.2,489,6.61,0.0,NO
2026-08-26 21:11:05,31.2,25.1,489,6.61,0.0,NO
2026-08-26 21:11:06,30.9,25.1,500,6.62,0.0,NO
2026-08-26 21:11:07,30.7,25.1,493,6.63,0.0,NO
2026-08-26 21:11:08,30.4,25.3,499,6.63,0.0,NO
2026-08-26 21:11:09,30.2,25.3,493,6.64,0.0,NO
2026-08-26 21:11:10,29.9,25.2,490,6.65,0.0,NO
2026-08-26 21:11:11,29.7,25.1,494,6.66,0.0,NO
2026-08-26 21:11:12,29.4,25.3,502,6.66,0.0,NO
2026-08-26 21:11:13,29.2,25.3,500,6.68,0.0,NO
2026-08-26 21:11:14,28.9,25.2,501,6.66,0.0,NO
2026-08-26 21:11:15,28.7,25.3,516,6.65,0.0,NO
2026-08-26 21:11:16,28.4,25.4,524,6.67,0.0,NO
2026-08-26 21:11:17,28.2,25.3,523,6.65,0.0,NO
2026-08-26 21:11:18,27.9,25.2,522,6.65,0.0,NO
2026-08-26 21:11:19,27.7,25.2,508,6.63,0.0,NO
2026-08-26 21:11:20,27.4,25.0,507,6.63,0.0,NO
2026-08-26 21:11:21,27.2,25.1,498,6.62,0.0,NO
2026-08-26 21:11:22,26.9,25.1,506,6.63,0.0,NO
2026-08-26 21:11:23,26.7,25.1,520,6.65,0.0,NO
2026-08-26 21:11:24,26.4,25.0,508,6.66,0.0,NO
2026-08-26 21:11:25,26.2,24.9,503,6.67,0.0,NO
2026-08-26 21:11:26,25.9,24.7,496,6.68,0.0,NO
2026-08-26 21:11:27,25.7,24.6,499,6.7,0.0,NO
2026-08-26 21:11:28,25.4,24.5,514,6.71,0.0,NO
2026-08-26 21:11:29,25.2,24.4,526,6.7,0.0,NO
2026-08-26 21:11:30,24.9,24.6,515,6.7,0.0,NO
2026-08-26 21:11:31,24.7,24.8,519,6.7,0.0,NO
2026-08-26 21:11:32,24.4,24.7,512,6.69,0.0,NO
2026-08-26 21:11:33,24.2,24.6,500,6.68,0.0,NO
2026-08-26 21:11:34,23.9,24.5,513,6.67,0.0,NO
2026-08-26 21:11:35,23.7,24.6,501,6.69,0.0,NO
2026-08-26 21:11:36,23.4,24.4,501,6.69,0.0,NO
2026-08-26 21:11:37,23.2,24.3,497,6.7,0.0,NO
2026-08-26 21:11:38,22.9,24.4,483,6.71,0.0,NO
2026-08-26 21:11:39,22.7,24.5,473,6.72,0.0,NO
2026-08-26 21:11:40,22.4,24.3,482,6.71,0.0,NO
2026-08-26 21:11:41,22.2,24.2,468,6.72,0.0,NO
2026-08-26 21:11:42,21.9,24.2,458,6.71,0.0,NO
2026-08-26 21:11:43,21.7,24.0,465,6.72,0.0,NO
2026-08-26 21:11:44,21.4,23.9,460,6.71,0.0,NO
2026-08-26 21:11:45,21.2,24.1,451,6.71,0.0,NO
2026-08-26 21:11:46,20.9,24.0,455,6.7,0.0,NO
2026-08-26 21:11:47,20.7,24.0,445,6.69,0.0,NO
2026-08-26 21:11:48,20.4,24.2,444,6.7,0.0,NO
2026-08-26 21:11:49,20.2,24.0,453,6.69,0.0,NO
2026-08-26 21:11:50,19.9,23.9,441,6.68,0.0,NO
2026-08-26 21:11:51,19.7,24.0,455,6.69,0.0,NO
2026-08-26 21:11:52,19.4,23.8,441,6.69,0.0,NO
2026-08-26 21:11:53,19.2,24.0,452,6.7,0.0,NO
2026-08-26 21:11:54,18.9,24.0,451,6.72,0.0,NO
2026-08-26 21:11:55,18.7,24.0,460,6.71,0.0,NO
2026-08-26 21:11:56,18.4,23.9,451,6.71,0.0,NO
2026-08-26 21:11:57,18.2,23.7,460,6.72,0.0,NO
2026-08-26 21:11:58,17.9,23.6,448,6.72,0.0,NO
2026-08-26 21:11:59,17.7,23.5,457,6.74,0.0,NO
2026-08-26 21:12:00,17.4,23.4,448,6.76,0.0,NO
2026-08-26 21:12:01,17.2,23.3,443,6.75,0.0,NO
2026-08-26 21:12:02,16.9,23.3,450,6.75,0.0,NO
2026-08-26 21:12:03,16.7,23.4,441,6.75,0.0,NO
2026-08-26 21:12:04,17.9,23.3,450,6.76,99.4,SI
2026-08-26 21:12:05,19.1,23.3,447,6.77,98.8,SI
2026-08-26 21:12:06,20.3,23.4,451,6.75,98.2,SI
2026-08-26 21:12:07,21.5,23.4,437,6.75,97.6,SI
2026-08-26 21:12:08,22.7,23.5,450,6.76,97.0,SI
2026-08-26 21:12:09,23.9,23.4,456,6.78,96.4,SI
2026-08-26 21:12:10,25.1,23.4,459,6.76,95.8,SI
2026-08-26 21:12:11,26.3,23.5,453,6.77,95.2,SI
2026-08-26 21:12:12,27.5,23.4,447,6.76,94.6,SI
2026-08-26 21:12:13,28.7,23.4,443,6.77,94.0,SI
2026-08-26 21:12:14,29.9,23.3,458,6.79,93.4,SI
2026-08-26 21:12:15,31.1,23.4,472,6.8,92.8,SI
2026-08-26 21:12:16,32.3,23.4,470,6.79,92.2,SI
2026-08-26 21:12:17,33.5,23.4,484,6.79,91.6,SI
2026-08-26 21:12:18,34.7,23.5,473,6.79,91.0,SI
2026-08-26 21:12:19,35.9,23.4,459,6.8,90.4,NO
2026-08-26 21:12:20,35.6,23.5,457,6.79,90.4,NO
2026-08-26 21:12:21,35.4,23.6,450,6.78,90.4,NO
2026-08-26 21:12:22,35.1,23.6,453,6.77,90.4,NO
2026-08-26 21:12:23,34.9,23.7,444,6.75,90.4,NO
2026-08-26 21:12:24,34.6,23.6,435,6.76,90.4,NO
2026-08-26 21:12:25,34.4,23.7,428,6.76,90.4,NO
2026-08-26 21:12:26,34.1,23.9,437,6.77,90.4,NO
2026-08-26 21:12:27,33.9,23.7,422,6.77,90.4,NO
2026-08-26 21:12:28,33.6,23.8,423,6.77,90.4,NO
2026-08-26 21:12:29,33.4,23.6,422,6.75,90.4,SI
2026-08-26 21:12:30,34.6,23.5,423,6.74,89.8,SI
2026-08-26 21:12:31,35.8,23.5,421,6.73,89.2,SI
2026-08-26 21:12:32,37.0,23.6,419,6.71,88.6,SI
2026-08-26 21:12:33,38.2,23.7,427,6.72,88.0,SI
2026-08-26 21:12:34,39.4,23.6,427,6.71,87.4,SI
2026-08-26 21:12:35,40.6,23.6,424,6.7,86.8,SI
2026-08-26 21:12:36,41.8,23.8,427,6.71,86.2,SI
2026-08-26 21:12:37,43.0,23.8,429,6.72,85.6,SI
2026-08-26 21:12:38,44.2,23.7,427,6.74,85.0,SI
2026-08-26 21:12:39,45.4,23.7,433,6.75,84.4,SI
2026-08-26 21:12:40,46.6,23.6,433,6.75,83.8,SI
2026-08-26 21:12:41,47.8,23.5,427,6.76,83.2,SI
2026-08-26 21:12:42,49.0,23.6,418,6.76,82.6,SI
2026-08-26 21:12:43,50.2,23.5,410,6.76,82.0,SI
2026-08-26 21:12:44,51.4,23.5,424,6.78,81.4,SI
2026-08-26 21:12:45,52.6,23.5,432,6.79,80.8,SI
2026-08-26 21:12:46,53.8,23.5,438,6.81,80.2,SI
2026-08-26 21:12:47,55.0,23.5,436,6.82,79.6,SI
2026-08-26 21:12:48,56.2,23.4,432,6.83,79.0,SI
2026-08-26 21:12:49,57.4,23.5,426,6.82,78.4,SI
2026-08-26 21:12:50,58.6,23.4,434,6.81,77.8,SI
2026-08-26 21:12:51,59.8,23.6,421,6.81,77.2,SI
2026-08-26 21:12:52,61.0,23.5,433,6.8,76.6,NO
2026-08-26 21:12:53,60.7,23.7,424,6.8,76.6,NO
2026-08-26 21:12:54,60.5,23.8,423,6.79,76.6,NO
2026-08-26 21:12:55,60.2,23.9,420,6.77,76.6,NO
2026-08-26 21:12:56,60.0,23.8,410,6.75,76.6,NO
2026-08-26 21:12:57,59.7,23.6,398,6.75,76.6,NO
2026-08-26 21:12:58,59.5,23.8,394,6.76,76.6,NO
2026-08-26 21:12:59,59.2,23.6,400,6.78,76.6,NO
2026-08-26 21:13:00,59.0,23.5,403,6.77,76.6,NO
2026-08-26 21:13:01,58.7,23.5,414,6.76,76.6,NO
2026-08-26 21:13:02,58.5,23.6,407,6.76,76.6,NO
2026-08-26 21:13:03,58.2,23.6,403,6.77,76.6,NO
2026-08-26 21:13:04,58.0,23.6,403,6.78,76.6,NO
2026-08-26 21:13:05,57.7,23.6,388,6.78,76.6,NO
2026-08-26 21:13:06,57.5,23.6,395,6.77,76.6,NO
2026-08-26 21:13:07,57.2,23.7,382,6.78,76.6,NO
2026-08-26 21:13:08,57.0,23.8,371,6.79,76.6,NO
2026-08-26 21:13:09,56.7,23.9,373,6.78,76.6,NO
2026-08-26 21:13:10,56.5,24.0,361,6.79,76.6,NO
2026-08-26 21:13:11,56.2,24.2,358,6.8,76.6,NO
2026-08-26 21:13:12,56.0,24.3,369,6.8,76.6,NO
2026-08-26 21:13:13,55.7,24.4,378,6.81,76.6,NO
2026-08-26 21:13:14,55.5,24.3,388,6.82,76.6,NO
2026-08-26 21:13:15,55.2,24.3,381,6.82,76.6,NO
2026-08-26 21:13:16,55.0,24.3,371,6.83,76.6,NO
2026-08-26 21:13:17,54.7,24.1,376,6.85,76.6,NO
2026-08-26 21:13:18,54.5,24.0,366,6.85,76.6,NO
2026-08-26 21:13:19,54.2,24.0,363,6.86,76.6,NO
2026-08-26 21:13:20,54.0,24.0,353,6.88,76.6,NO
2026-08-26 21:13:21,53.7,24.1,341,6.86,76.6,NO
2026-08-26 21:13:22,53.5,23.9,338,6.88,76.6,NO
2026-08-26 21:13:23,53.2,23.8,324,6.89,76.6,NO
2026-08-26 21:13:24,53.0,23.7,323,6.88,76.6,NO
2026-08-26 21:13:25,52.7,23.6,318,6.88,76.6,NO
2026-08-26 21:13:26,52.5,23.6,316,6.9,76.6,NO
2026-08-26 21:13:27,52.2,23.4,306,6.92,76.6,NO
2026-08-26 21:13:28,52.0,23.5,293,6.92,76.6,NO
2026-08-26 21:13:29,51.7,23.4,298,6.92,76.6,NO
2026-08-26 21:13:30,51.5,23.2,283,6.93,76.6,NO
2026-08-26 21:13:31,51.2,23.3,273,6.92,76.6,NO
2026-08-26 21:13:32,51.0,23.4,269,6.93,76.6,NO
2026-08-26 21:13:33,50.7,23.5,284,6.92,76.6,NO
2026-08-26 21:13:34,50.5,23.5,273,6.91,76.6,NO
2026-08-26 21:13:35,50.2,23.4,259,6.93,76.6,NO
2026-08-26 21:13:36,50.0,23.4,255,6.94,76.6,NO
2026-08-26 21:13:37,49.7,23.6,246,6.95,76.6,NO
2026-08-26 21:13:38,49.5,23.6,232,6.96,76.6,NO
2026-08-26 21:13:39,49.2,23.8,242,6.96,76.6,NO
2026-08-26 21:13:40,49.0,23.9,228,6.98,76.6,NO
2026-08-26 21:13:41,48.7,23.8,216,6.96,76.6,NO
2026-08-26 21:13:42,48.5,23.7,228,6.95,76.6,NO
2026-08-26 21:13:43,48.2,23.5,226,6.96,76.6,NO
2026-08-26 21:13:44,48.0,23.5,217,6.98,76.6,NO
2026-08-26 21:13:45,47.7,23.4,225,6.98,76.6,NO
2026-08-26 21:13:46,47.5,23.3,240,7.0,76.6,NO
2026-08-26 21:13:47,47.2,23.1,245,7.0,76.6,NO
2026-08-26 21:13:48,47.0,22.9,237,7.01,76.6,NO
2026-08-26 21:13:49,46.7,22.9,234,7.0,76.6,NO
2026-08-26 21:13:50,46.5,23.0,248,7.01,76.6,NO
2026-08-26 21:13:51,46.2,22.9,251,6.99,76.6,NO
2026-08-26 21:13:52,46.0,23.0,254,6.98,76.6,NO
2026-08-26 21:13:53,45.7,23.0,259,6.99,76.6,NO
2026-08-26 21:13:54,45.5,23.0,259,7.0,76.6,NO
2026-08-26 21:13:55,45.2,22.9,270,7.01,76.6,NO
2026-08-26 21:13:56,45.0,23.0,277,7.0,76.6,NO
2026-08-26 21:13:57,44.7,23.1,266,7.0,76.6,NO
2026-08-26 21:13:58,44.5,22.9,279,7.0,76.6,NO
2026-08-26 21:13:59,44.2,22.7,285,7.0,76.6,NO
2026-08-26 21:14:00,44.0,22.9,270,7.0,76.6,NO
2026-08-26 21:14:01,43.7,22.9,265,7.01,76.6,NO
2026-08-26 21:14:02,43.5,22.9,278,7.02,76.6,NO
2026-08-26 21:14:03,43.2,22.7,271,7.0,76.6,NO
2026-08-26 21:14:04,43.0,22.7,278,7.01,76.6,NO
2026-08-26 21:14:05,42.7,22.5,264,6.99,76.6,NO
2026-08-26 21:14:06,42.5,22.5,279,6.97,76.6,NO
2026-08-26 21:14:07,42.2,22.4,286,6.95,76.6,NO
2026-08-26 21:14:08,42.0,22.6,287,6.97,76.6,NO
2026-08-26 21:14:09,41.7,22.4,290,6.98,76.6,NO
2026-08-26 21:14:10,41.5,22.3,289,6.98,76.6,NO
2026-08-26 21:14:11,41.2,22.1,302,7.0,76.6,NO
2026-08-26 21:14:12,41.0,22.2,304,7.01,76.6,NO
2026-08-26 21:14:13,40.7,22.0,302,6.99,76.6,NO
2026-08-26 21:14:14,40.5,21.9,306,6.98,76.6,NO
2026-08-26 21:14:15,40.2,21.8,304,6.99,76.6,NO
2026-08-26 21:14:16,40.0,21.6,300,6.99,76.6,NO
2026-08-26 21:14:17,39.7,21.6,307,6.99,76.6,NO
2026-08-26 21:14:18,39.5,21.7,320,6.98,76.6,NO
2026-08-26 21:14:19,39.2,21.7,307,6.98,76.6,NO
2026-08-26 21:14:20,39.0,21.8,302,6.98,76.6,NO
2026-08-26 21:14:21,38.7,21.6,287,7.0,76.6,NO
2026-08-26 21:14:22,38.5,21.5,286,7.01,76.6,NO
2026-08-26 21:14:23,38.2,21.6,273,7.02,76.6,NO
2026-08-26 21:14:24,38.0,21.6,271,7.02,76.6,NO
2026-08-26 21:14:25,37.7,21.5,281,7.01,76.6,NO
2026-08-26 21:14:26,37.5,21.4,293,6.99,76.6,NO
2026-08-26 21:14:27,37.2,21.4,304,7.0,76.6,NO
2026-08-26 21:14:28,37.0,21.4,291,6.98,76.6,NO
2026-08-26 21:14:29,36.7,21.2,279,6.97,76.6,NO
2026-08-26 21:14:30,36.5,21.2,280,6.97,76.6,NO
2026-08-26 21:14:31,36.2,21.2,277,6.98,76.6,NO
2026-08-26 21:14:32,36.0,21.3,263,6.99,76.6,NO
2026-08-26 21:14:33,35.7,21.1,249,6.97,76.6,NO
2026-08-26 21:14:34,35.5,21.0,259,6.97,76.6,NO
2026-08-26 21:14:35,35.2,21.0,253,6.96,76.6,NO
2026-08-26 21:14:36,35.0,21.0,256,6.94,76.6,SI
2026-08-26 21:14:37,36.2,20.8,263,6.94,76.0,SI
2026-08-26 21:14:38,37.4,20.8,278,6.95,75.4,SI
2026-08-26 21:14:39,38.6,20.9,267,6.94,74.8,SI
2026-08-26 21:14:40,39.8,20.8,254,6.93,74.2,SI
2026-08-26 21:14:41,41.0,20.8,265,6.95,73.6,SI
2026-08-26 22:36:21,47.2,22.9,666,6.41,85.0,NO
2026-08-26 22:36:22,47.0,22.7,676,6.39,85.0,NO
2026-08-26 22:36:23,46.8,22.6,689,6.4,85.0,NO
2026-08-26 22:36:24,46.5,22.5,683,6.42,85.0,NO
2026-08-26 22:36:25,46.2,22.5,681,6.41,85.0,NO
2026-08-26 22:36:26,46.0,22.5,689,6.42,85.0,NO
2026-08-26 22:36:27,45.8,22.6,680,6.43,85.0,NO
2026-08-26 22:36:28,45.5,22.6,688,6.44,85.0,NO
2026-08-26 22:36:29,45.2,22.6,686,6.46,85.0,NO
2026-08-26 22:36:30,45.0,22.8,690,6.44,85.0,NO
2026-08-26 22:36:31,44.8,22.9,678,6.46,85.0,NO
2026-08-26 22:36:32,44.5,22.7,690,6.47,85.0,NO
2026-08-26 22:36:33,44.2,22.6,701,6.47,85.0,NO
2026-08-26 22:36:34,44.0,22.4,701,6.47,85.0,NO
2026-08-26 22:36:35,43.8,22.4,693,6.49,85.0,NO
2026-08-26 22:36:36,43.5,22.2,705,6.48,85.0,NO
2026-08-26 22:36:37,43.2,22.3,720,6.48,85.0,NO
2026-08-26 22:36:38,43.0,22.4,715,6.46,85.0,NO
2026-08-26 22:36:39,42.8,22.6,708,6.45,85.0,NO
2026-08-26 22:36:40,42.5,22.7,714,6.45,85.0,NO
2026-08-26 22:36:41,42.2,22.7,723,6.44,85.0,NO
2026-08-26 22:36:42,42.0,22.5,720,6.43,85.0,NO
2026-08-26 22:36:43,41.8,22.3,718,6.45,85.0,NO
2026-08-26 22:36:44,41.5,22.2,712,6.45,85.0,NO
2026-08-26 22:36:45,41.2,22.1,714,6.46,85.0,NO
2026-08-26 22:36:46,41.0,22.0,708,6.47,85.0,NO
2026-08-26 22:36:47,40.8,21.9,711,6.45,85.0,NO
2026-08-26 22:36:48,40.5,21.9,706,6.46,85.0,NO
2026-08-26 22:36:49,40.2,21.8,692,6.45,85.0,NO
2026-08-26 22:36:50,40.0,22.0,688,6.45,85.0,NO
2026-08-26 22:36:51,39.8,21.9,675,6.46,85.0,NO
2026-08-26 22:36:52,39.5,21.9,684,6.47,85.0,NO
2026-08-26 22:36:53,39.2,22.0,690,6.48,85.0,NO
2026-08-26 22:36:54,39.0,21.9,680,6.47,85.0,NO
2026-08-26 22:36:55,38.8,22.0,685,6.47,85.0,NO
2026-08-26 22:36:56,38.5,21.9,697,6.46,85.0,NO
2026-08-26 22:36:57,38.2,21.9,682,6.47,85.0,NO
2026-08-26 22:36:58,38.0,21.9,696,6.48,85.0,NO
2026-08-26 22:36:59,37.8,21.8,699,6.49,85.0,NO
2026-08-26 22:37:00,37.5,21.8,709,6.47,85.0,NO
2026-08-26 22:37:01,37.2,21.7,700,6.48,85.0,NO
2026-08-26 22:37:02,37.0,21.7,712,6.49,85.0,NO
2026-08-26 22:37:03,36.8,21.9,717,6.47,85.0,NO
2026-08-26 22:37:04,36.5,21.7,706,6.47,85.0,NO
2026-08-26 22:37:05,36.2,21.9,698,6.49,85.0,NO
2026-08-26 22:37:07,36.0,21.8,698,6.51,85.0,NO
2026-08-26 22:37:08,35.8,21.7,695,6.51,85.0,NO
2026-08-26 22:37:09,35.5,21.5,684,6.52,85.0,NO
2026-08-26 22:37:10,35.2,21.7,685,6.53,85.0,NO
2026-08-26 22:37:11,35.0,21.7,679,6.51,85.0,SI
2026-08-26 22:37:12,36.2,21.6,664,6.51,84.4,SI
2026-08-26 22:37:13,37.4,21.8,669,6.51,83.8,SI
2026-08-26 22:37:14,38.6,21.7,664,6.51,83.2,SI
2026-08-26 22:37:15,39.8,21.7,677,6.49,82.6,SI
2026-08-26 22:37:16,41.0,21.6,674,6.5,82.0,SI
2026-08-26 22:37:17,42.2,21.7,668,6.48,81.4,SI
2026-08-26 22:37:18,43.4,21.7,664,6.47,80.8,SI
2026-08-26 22:37:19,44.6,21.7,679,6.46,80.2,SI
2026-08-26 22:37:20,45.8,21.7,675,6.45,79.6,SI
2026-08-26 22:37:21,47.0,21.6,670,6.43,79.0,SI
2026-08-26 22:37:22,48.2,21.6,663,6.44,78.4,SI
2026-08-26 22:37:23,49.4,21.7,653,6.44,77.8,SI
2026-08-26 22:37:24,50.6,21.5,647,6.44,77.2,SI
2026-08-26 22:37:25,51.8,21.6,636,6.45,76.6,SI
2026-08-26 22:37:26,53.0,21.6,628,6.47,76.0,SI
2026-08-26 22:37:27,54.2,21.7,615,6.45,75.4,SI
2026-08-26 22:37:28,55.4,21.9,601,6.47,74.8,SI
